OA11CD,Total,0-4,5-9,10-14,15-19,20-24,25-29,30-34,35-39,40-44,45-49,50-54,55-59,60-64,65-69,70-74,75-79,80-84,85+
E00016115,326,12,20,27,21,22,16,14,18,21,20,29,26,26,15,20,10,4,5
E00016136,314,18,20,36,20,17,11,12,31,27,20,28,21,14,14,11,3,4,7
E00016137,404,30,49,42,28,27,17,23,24,31,26,30,25,19,10,5,11,3,4
E00016138,295,25,25,25,24,16,10,27,20,24,19,21,24,9,9,8,3,2,4
E00016139,352,24,40,33,28,19,17,20,23,30,17,34,19,20,10,11,3,4,0
E00016116,389,30,26,38,25,8,17,27,38,54,41,33,18,7,6,8,5,7,1
E00016129,359,33,31,37,20,15,19,50,35,40,29,9,19,7,4,5,5,1,0
E00016142,716,60,80,61,39,31,49,92,54,58,42,40,38,22,5,14,19,6,6
E00016144,346,43,40,29,13,15,22,36,21,28,21,20,18,18,12,5,4,1,0
E00016145,263,20,24,29,15,10,16,23,15,18,26,23,21,10,6,2,3,1,1
E00016150,345,37,38,36,21,16,19,22,27,17,34,23,26,15,4,3,4,2,1
E00016117,311,35,36,19,13,7,16,33,31,26,18,12,18,12,5,8,9,9,4
E00016132,324,32,38,16,15,11,17,34,36,21,25,16,26,12,6,10,5,1,3
E00016143,386,14,38,21,21,29,33,31,28,27,24,28,31,19,8,14,12,2,6
E00016147,322,23,35,17,6,11,22,23,32,22,26,18,39,15,10,6,6,4,7
E00016153,290,18,29,11,13,11,16,23,22,13,17,16,32,27,18,10,10,1,3
E00016141,289,22,19,26,16,18,23,19,18,17,26,20,16,11,11,11,5,8,3
E00016146,343,29,21,28,19,15,27,23,29,41,27,27,20,9,7,8,4,5,4
E00016148,299,26,22,24,18,13,20,19,21,27,14,23,17,15,15,13,4,4,4
E00016149,276,25,22,18,10,13,19,30,24,16,20,27,12,15,12,10,1,0,2
E00016151,289,16,31,21,16,12,19,19,27,28,22,17,21,13,8,6,0,13,0
E00016152,244,16,22,11,11,12,19,19,22,19,14,24,19,13,7,11,1,1,3
E00016126,335,20,18,20,23,13,14,24,16,30,22,28,20,18,17,29,9,8,6
E00016127,424,24,31,22,27,23,26,23,34,34,27,47,20,22,17,21,16,5,5
E00016131,349,36,28,28,18,14,27,27,33,33,18,23,22,9,7,9,9,5,3
E00016134,275,15,17,15,14,12,16,20,16,20,20,23,13,17,15,26,8,6,2
E00016140,323,22,29,21,16,13,28,34,26,31,24,21,15,12,8,18,4,1,0
E00016118,380,19,18,20,17,17,18,32,31,25,31,26,35,20,20,25,9,8,9
E00016154,314,25,15,33,9,7,18,22,19,32,23,16,12,15,21,12,14,5,16
E00016155,449,25,33,31,24,19,34,42,49,49,41,30,35,10,9,5,0,6,7
E00016156,349,17,27,24,20,16,18,20,26,25,27,25,26,22,18,16,10,6,6
E00016157,384,27,24,39,35,18,21,24,29,31,32,29,21,24,11,3,8,6,2
E00016112,341,29,27,22,17,17,21,19,29,33,27,23,15,13,9,17,7,6,10
E00016119,354,22,28,26,16,11,19,22,31,32,25,29,28,16,14,14,12,7,2
E00016121,271,16,19,18,11,16,10,14,25,27,26,29,24,12,10,4,3,3,4
E00016123,323,25,14,21,24,20,15,9,31,31,23,28,27,12,11,12,10,6,4
E00016158,307,33,16,18,11,12,18,20,22,28,22,30,32,13,8,12,5,3,4
E00016113,394,17,24,33,27,21,13,21,29,34,19,29,33,34,10,10,12,18,10
E00016120,339,23,34,33,18,11,17,23,37,23,23,26,25,21,5,5,6,1,8
E00016122,405,28,37,50,16,16,18,24,50,39,19,27,22,23,13,6,6,7,4
E00016124,333,25,43,47,23,15,6,18,25,24,21,22,16,19,12,4,4,4,5
E00016125,362,24,27,40,35,11,12,28,32,38,22,23,17,14,8,6,6,16,3
E00016114,310,14,23,23,16,15,20,11,27,23,14,35,30,21,17,9,6,4,2
E00016128,332,16,33,27,26,10,13,26,21,28,27,26,25,16,16,7,7,5,3
E00016130,323,22,20,22,13,17,18,21,27,23,28,28,29,19,6,6,9,12,3
E00016133,346,15,36,36,22,12,14,18,37,29,18,32,28,27,13,7,0,1,1
E00016135,323,16,28,21,14,13,13,21,24,25,20,35,24,25,16,15,5,2,6
E00016178,268,25,11,20,15,9,16,22,27,17,27,18,8,12,11,9,10,6,5
E00016179,322,14,18,24,11,14,38,34,41,34,18,25,12,11,12,6,4,3,3
E00016180,284,18,19,11,16,7,19,20,34,21,20,26,15,8,6,22,11,6,5
E00016187,320,34,19,21,13,6,21,36,29,29,19,24,9,11,7,6,15,6,15
E00016189,291,21,26,19,11,6,9,15,22,31,38,24,13,10,13,18,6,7,2
E00016159,325,22,21,17,16,14,24,30,35,28,17,19,10,18,18,14,14,7,1
E00016173,294,16,18,19,12,11,20,28,28,20,23,22,28,13,11,14,7,1,3
E00016176,300,24,22,23,10,4,23,37,27,32,23,28,15,13,2,8,3,3,3
E00016184,237,12,7,3,7,5,18,42,32,18,22,27,8,3,10,8,5,5,5
E00016186,482,21,17,16,16,32,85,78,50,29,47,34,17,8,18,5,7,2,0
E00016188,282,7,15,18,11,15,18,43,24,22,24,15,15,9,11,12,13,4,6
E00016166,198,8,11,11,4,7,29,19,22,13,23,11,13,4,5,5,6,6,1
E00016167,258,18,19,15,10,14,9,13,16,12,23,26,13,14,17,11,12,10,6
E00016171,317,18,10,5,4,25,62,46,41,30,22,14,11,12,4,6,2,3,2
E00016174,300,30,34,14,3,6,13,18,36,29,29,26,15,13,4,7,9,7,7
E00016204,294,18,17,7,6,26,33,25,24,30,23,15,20,9,8,11,6,10,6
E00016206,317,23,15,13,9,30,49,37,29,12,20,20,29,10,10,9,1,1,0
E00016164,324,15,17,24,35,14,27,24,17,23,15,30,26,18,11,8,5,7,8
E00016170,477,31,22,35,24,15,53,61,43,44,45,26,27,19,14,5,8,1,4
E00016175,296,20,15,11,7,10,28,42,19,30,16,18,31,20,9,6,5,4,5
E00016181,306,22,11,12,15,21,41,32,17,23,15,21,19,23,9,12,6,2,5
E00016182,359,23,27,21,18,19,28,36,26,27,19,22,32,24,11,7,10,1,8
E00016160,296,16,17,18,11,9,13,12,21,30,30,19,16,10,14,20,10,12,18
E00016183,246,13,11,9,9,5,27,25,27,27,18,14,13,5,7,14,4,8,10
E00016185,217,10,8,15,7,2,15,15,15,21,23,18,10,4,10,16,10,10,8
E00016191,279,14,11,16,8,6,16,25,20,25,20,17,23,10,14,18,8,19,9
E00016195,267,22,19,10,5,7,18,26,22,33,24,18,15,3,10,10,5,11,9
E00016197,277,20,9,8,6,8,41,24,38,33,29,14,21,6,4,5,5,5,1
E00016161,359,22,11,11,16,14,34,53,47,35,22,20,13,14,11,19,8,3,6
E00016190,262,8,14,7,8,8,15,16,21,22,12,15,21,31,23,12,7,16,6
E00016192,359,18,18,19,16,24,41,48,34,40,27,21,17,11,5,7,7,5,1
E00016193,272,16,6,6,6,14,23,54,35,29,17,25,9,11,10,5,2,4,0
E00016194,365,19,14,17,13,29,28,42,47,41,31,28,17,12,12,7,4,1,3
E00016196,459,38,30,25,17,22,41,46,41,47,34,36,28,21,11,8,6,5,3
E00016162,260,15,23,10,19,6,18,24,33,21,19,17,14,21,7,4,4,3,2
E00016198,502,51,46,32,45,22,28,64,49,36,34,31,9,25,7,13,3,5,2
E00016202,428,30,25,17,18,41,76,62,43,29,19,21,14,8,4,5,6,3,7
E00016205,237,10,6,4,5,7,31,31,33,19,13,20,15,10,7,10,5,4,7
E00016208,297,21,19,18,17,12,24,36,26,17,21,26,19,11,9,11,4,3,3
E00016199,185,7,22,8,22,8,11,9,17,14,13,15,14,6,4,3,7,5,0
E00016200,324,19,45,21,49,21,18,23,26,16,18,15,15,13,10,3,3,2,7
E00016201,417,42,33,7,8,12,44,68,93,19,20,4,11,18,9,9,7,8,5
E00016203,65,2,9,4,4,3,4,2,8,3,5,3,4,3,1,4,0,1,5
E00016207,416,21,52,25,75,30,21,26,40,12,24,20,15,20,15,7,3,6,4
E00016163,337,32,20,17,15,11,39,47,40,25,25,15,15,8,14,5,2,2,5
E00016165,319,26,18,12,13,10,22,37,29,34,33,25,11,8,11,8,3,12,7
E00016168,184,9,4,2,6,4,15,31,16,23,14,16,15,3,5,7,4,6,4
E00016169,284,19,23,9,14,7,14,37,27,12,16,21,20,17,10,14,8,10,6
E00016172,275,25,9,6,7,10,34,29,43,28,13,20,12,15,4,6,0,3,11
E00016177,273,24,18,12,8,3,34,50,21,21,17,17,17,8,7,7,1,2,6
E00016210,398,10,15,20,23,46,32,33,25,24,27,24,20,30,17,17,22,1,12
E00016239,296,11,8,9,16,35,25,46,22,30,25,11,13,10,12,10,4,3,6
E00016240,514,40,24,25,21,44,68,88,65,48,20,19,19,18,6,6,1,1,1
E00016241,178,9,8,17,9,17,12,15,9,12,7,10,10,12,11,4,8,1,7
E00016245,382,19,25,37,28,49,28,27,26,30,30,25,12,17,10,3,11,1,4
E00016211,364,23,21,18,23,24,64,26,31,23,28,24,14,14,11,7,4,1,8
E00016213,398,18,23,25,16,36,83,31,32,29,24,27,17,8,8,4,7,5,5
E00016244,324,16,13,11,12,29,78,33,23,13,17,20,17,13,14,6,4,5,0
E00016250,337,19,26,14,17,27,63,24,22,14,26,23,18,24,3,6,1,5,5
E00174011,120,8,9,2,3,9,20,23,11,11,11,5,5,1,0,2,0,0,0
E00174032,445,13,5,6,29,159,84,25,25,17,10,23,17,10,8,4,4,6,0
E00174033,103,9,7,8,3,10,15,8,6,11,4,7,4,2,2,3,3,0,1
E00016216,376,27,23,16,9,19,46,59,49,41,21,16,17,14,5,8,1,1,4
E00016236,794,49,33,51,19,38,110,121,97,107,55,37,28,16,13,13,4,1,2
E00016246,92,11,4,7,3,2,6,16,8,5,7,5,2,7,3,3,1,0,2
E00016248,346,23,9,8,12,20,41,56,54,46,27,12,10,9,4,9,0,3,3
E00016252,392,23,16,17,18,25,34,52,45,33,40,36,16,11,9,3,5,4,5
E00016219,341,19,16,10,10,23,56,63,38,21,20,22,13,6,3,9,6,4,2
E00016220,202,15,8,9,4,11,23,36,23,17,16,9,6,6,3,6,5,4,1
E00016221,310,26,24,14,6,18,34,49,37,30,15,18,12,13,5,2,2,3,2
E00016223,228,14,13,12,4,16,22,24,34,18,13,13,12,18,5,3,1,2,4
E00016225,238,13,16,13,3,20,29,33,24,20,18,17,6,8,3,6,3,5,1
E00016255,214,21,12,6,3,7,26,34,28,20,16,16,9,5,3,5,1,1,1
E00016214,417,20,24,11,13,42,66,60,40,32,15,22,14,19,12,14,5,7,1
E00016215,325,15,26,15,8,14,48,47,30,20,14,24,19,19,10,5,4,2,5
E00016217,383,20,18,17,16,20,43,55,22,27,19,32,27,25,12,11,10,5,4
E00016237,355,15,11,15,11,48,54,56,23,19,18,17,12,16,9,10,10,7,4
E00016247,295,13,26,20,9,15,32,51,24,19,17,15,22,10,8,9,2,2,1
E00016253,324,17,13,10,9,41,42,55,29,27,16,14,16,14,8,6,2,2,3
E00016218,234,21,13,8,6,5,31,49,35,22,16,10,6,4,4,4,0,0,0
E00016222,339,28,22,13,7,17,36,52,51,25,26,18,14,10,8,5,3,4,0
E00016224,293,17,23,9,7,10,33,31,54,24,30,19,11,7,5,3,7,3,0
E00016226,345,39,30,18,15,27,26,40,36,36,19,11,15,6,4,9,8,3,3
E00016227,461,25,16,8,18,78,91,60,56,30,19,13,10,10,8,11,5,0,3
E00016228,400,28,29,23,20,22,39,44,43,34,31,31,11,8,11,8,10,3,5
E00016229,436,24,24,14,13,24,57,63,45,34,36,27,24,13,14,9,3,5,7
E00016230,358,30,33,19,10,20,35,41,35,18,34,25,17,18,5,2,4,6,6
E00016231,342,20,32,14,10,32,34,32,22,26,32,28,18,15,8,3,3,8,5
E00016232,365,25,25,25,10,19,38,39,44,25,36,29,12,16,7,5,4,4,2
E00016233,386,28,45,17,26,26,36,37,26,28,32,38,14,15,7,7,1,0,3
E00016209,490,29,29,19,40,68,59,42,56,39,30,22,24,11,10,5,0,4,3
E00016235,327,20,13,6,16,31,72,41,47,22,17,16,12,4,2,5,0,3,0
E00016238,382,24,16,11,11,36,70,41,50,25,20,16,12,10,18,9,7,3,3
E00173941,553,35,19,4,91,258,37,26,26,13,12,6,7,3,7,5,1,1,2
E00173942,388,32,12,11,22,92,63,37,51,25,10,11,9,6,2,3,1,0,1
E00016261,396,18,23,29,19,20,36,24,24,32,36,30,47,14,20,10,2,4,8
E00016282,443,33,34,15,36,18,21,35,37,47,38,22,35,25,19,6,2,10,10
E00016288,462,43,48,24,33,22,18,28,36,58,42,27,34,20,16,8,3,2,0
E00016289,349,24,38,24,20,21,15,30,25,30,21,39,27,11,10,2,6,6,0
E00016294,316,20,25,17,18,12,22,28,27,18,19,26,35,16,14,6,6,3,4
E00016281,359,32,25,19,23,15,17,25,34,24,34,26,22,16,9,10,11,3,14
E00016290,331,25,34,20,19,11,20,21,25,36,25,28,18,13,11,4,5,10,6
E00016292,274,26,17,22,15,9,13,17,28,17,14,23,25,15,9,4,7,6,7
E00016293,321,25,15,19,15,19,27,17,19,21,26,29,31,17,11,8,4,9,9
E00016295,353,34,24,24,19,20,17,23,21,30,25,26,34,14,15,10,4,5,8
E00016258,430,33,29,35,25,18,26,29,37,44,29,30,23,20,20,9,5,8,10
E00016259,325,24,28,16,24,12,13,16,31,37,18,22,29,9,15,12,5,5,9
E00016298,477,31,38,30,32,31,23,33,28,49,36,34,36,27,20,8,5,9,7
E00016299,425,24,28,23,47,28,13,22,42,35,39,32,35,16,11,12,9,6,3
E00016260,365,31,16,22,19,22,25,22,24,26,26,21,38,27,16,9,10,5,6
E00016262,274,29,15,15,14,14,17,14,18,25,32,20,17,7,6,16,3,4,8
E00016266,350,20,19,25,23,18,15,22,33,32,23,25,30,21,11,15,5,6,7
E00016267,328,30,17,16,29,29,19,16,26,29,26,15,24,11,7,14,7,9,4
E00016271,402,26,29,26,19,25,29,21,22,31,21,27,35,21,12,20,8,19,11
E00016274,379,26,18,22,25,25,21,25,50,32,20,23,28,18,10,7,4,12,13
E00016276,394,22,15,10,17,18,24,47,50,41,33,20,26,23,10,11,9,6,12
E00016277,387,29,21,27,17,17,27,36,40,31,24,23,36,24,7,12,7,9,0
E00016278,321,24,16,14,19,21,14,30,36,38,17,15,19,24,13,10,2,5,4
E00016285,303,14,8,8,21,13,15,25,39,20,25,19,24,28,13,11,7,6,7
E00016257,413,37,35,22,24,26,18,22,40,39,23,32,26,26,13,14,5,4,7
E00016263,228,15,14,7,10,17,18,29,19,20,11,10,11,18,11,6,2,1,9
E00016265,497,42,42,24,21,22,26,44,50,48,45,33,27,26,11,17,4,6,9
E00016268,467,28,26,27,23,31,26,32,29,53,20,29,30,39,25,15,13,13,8
E00016291,556,57,54,33,23,28,35,44,57,50,43,18,25,21,25,10,6,9,18
E00016256,335,13,29,17,17,18,20,29,32,21,26,23,30,21,4,11,7,10,7
E00016284,283,15,26,17,10,12,12,25,29,27,26,18,18,19,12,9,1,5,2
E00016286,426,36,25,22,31,23,21,29,29,40,30,35,43,19,16,11,9,5,2
E00016296,305,15,19,17,16,17,20,37,22,24,29,23,22,21,10,4,2,3,4
E00016297,386,24,34,22,28,24,19,27,26,32,25,21,33,27,17,10,4,7,6
E00016264,306,12,16,19,10,15,20,20,17,27,17,19,27,18,16,16,13,13,11
E00016269,357,15,18,26,38,30,14,18,12,22,36,33,30,20,10,15,9,3,8
E00016270,280,10,12,11,14,19,31,11,12,16,16,22,30,20,9,19,12,4,12
E00016272,383,28,34,19,18,19,24,24,22,40,29,30,25,20,9,12,7,11,12
E00016273,364,22,21,8,11,21,35,39,29,17,29,22,30,31,13,12,12,6,6
E00016275,414,41,38,26,28,13,19,29,40,45,28,28,29,16,14,4,11,2,3
E00016279,331,19,27,22,37,14,22,21,29,28,23,24,16,18,11,6,6,5,3
E00016280,281,21,13,14,23,12,15,22,22,19,20,23,26,13,9,8,12,3,6
E00016283,373,28,38,25,15,19,16,28,33,37,23,30,27,18,18,7,5,3,3
E00016287,377,31,29,30,20,23,23,22,23,27,26,25,24,21,17,23,7,1,5
E00016335,225,23,12,12,4,5,19,21,26,31,11,7,15,13,6,6,7,2,5
E00016336,377,27,33,18,8,10,18,40,33,40,28,37,24,14,16,9,7,11,4
E00016339,341,24,38,26,17,9,10,26,41,26,25,20,21,16,15,10,11,1,5
E00016340,343,33,35,21,12,11,14,22,46,39,30,22,19,16,3,8,3,6,3
E00016341,316,25,40,23,8,4,11,13,49,43,21,17,18,12,11,8,6,4,3
E00016300,339,33,17,6,6,23,30,45,57,34,20,17,15,15,9,5,3,2,2
E00016310,242,23,19,12,9,16,18,10,19,21,21,10,15,16,14,10,4,1,4
E00016312,338,31,25,18,13,13,23,38,45,29,29,20,11,16,12,10,4,1,0
E00016343,348,36,35,14,13,12,21,23,38,33,25,12,19,20,15,15,11,3,3
E00016344,458,30,23,15,12,32,49,62,64,51,31,25,17,20,12,6,3,3,3
E00016301,408,40,33,19,7,15,29,34,41,56,39,30,16,12,12,7,6,8,4
E00016302,279,17,8,17,12,11,15,48,37,20,27,22,9,13,6,7,4,5,1
E00016316,355,19,21,25,21,14,20,39,36,27,29,19,14,14,27,14,8,3,5
E00016338,366,23,17,19,10,17,28,27,40,34,29,18,22,39,16,5,6,10,6
E00016342,302,27,21,18,13,14,16,21,35,29,22,25,22,10,10,5,6,5,3
E00016303,411,26,20,15,16,9,35,62,41,44,40,30,19,11,9,11,10,7,6
E00016304,321,24,23,6,9,6,16,41,57,32,31,17,22,9,10,9,3,4,2
E00016313,256,30,25,5,5,4,13,47,50,23,18,8,9,11,1,1,3,1,2
E00016318,299,35,34,10,3,4,11,38,36,36,17,17,14,11,6,14,5,5,3
E00016345,281,22,22,10,6,1,23,35,37,34,26,16,12,7,3,9,7,2,9
E00016307,417,24,34,27,22,17,26,35,30,45,32,32,19,24,13,9,13,4,11
E00016314,292,14,11,18,13,13,24,40,22,19,21,19,14,25,12,8,8,4,7
E00016319,238,12,15,8,10,12,21,14,12,17,26,16,18,21,9,7,5,5,10
E00016321,303,13,17,15,15,16,32,36,34,22,23,19,19,21,3,5,11,0,2
E00016322,426,34,28,26,18,17,17,41,62,43,34,32,25,15,6,11,7,9,1
E00016305,279,18,30,15,15,8,21,36,31,23,16,13,15,9,11,7,6,3,2
E00016306,341,22,17,10,18,18,31,55,29,12,17,36,26,10,13,8,8,8,3
E00016308,387,34,28,25,16,15,31,51,55,34,22,29,19,6,7,7,4,2,2
E00016315,415,40,25,17,21,19,32,55,42,43,23,26,32,17,9,4,4,3,3
E00016317,303,17,32,24,9,14,24,26,33,32,25,18,15,5,10,9,6,0,4
E00016320,300,38,23,11,10,9,22,37,35,34,16,26,16,8,7,4,4,0,0
E00016309,291,15,12,14,11,14,42,34,24,24,18,19,30,10,6,5,4,5,4
E00016323,263,14,22,14,7,13,39,28,19,20,17,17,12,15,5,7,8,3,3
E00016324,393,31,27,19,18,25,59,35,31,39,24,28,26,10,7,3,5,4,2
E00016325,343,27,18,16,5,12,63,47,34,28,27,12,15,14,15,4,5,0,1
E00016327,304,30,29,10,6,15,36,31,31,31,20,13,10,12,8,4,8,5,5
E00016326,353,36,43,15,13,8,19,23,51,37,15,19,21,17,12,8,10,1,5
E00016329,416,41,35,24,15,13,32,21,62,45,31,29,25,12,15,7,4,1,4
E00016332,454,37,48,14,11,20,27,31,58,46,18,26,28,21,27,15,6,6,15
E00016333,264,23,19,9,7,11,22,25,28,28,14,22,23,8,7,5,6,1,6
E00016337,367,23,44,19,18,24,17,13,30,38,24,34,22,20,15,10,8,3,5
E00016311,333,24,22,23,19,14,13,30,35,37,30,18,19,19,9,7,6,5,3
E00016328,285,26,22,15,6,8,12,34,43,39,16,15,17,12,4,3,4,7,2
E00016330,262,20,18,9,4,9,18,26,28,37,26,14,16,11,10,6,4,3,3
E00016331,396,23,26,22,17,16,26,28,47,45,21,25,27,17,14,12,15,9,6
E00016334,509,40,46,28,18,16,37,35,48,75,41,33,26,23,14,9,6,6,8
E00016361,246,14,24,9,14,18,21,23,12,15,19,15,18,6,13,10,9,2,4
E00016363,317,18,35,19,13,18,27,27,21,11,28,29,24,23,10,5,2,4,3
E00016366,270,16,17,22,15,19,17,16,19,20,22,14,18,16,13,8,9,2,7
E00016367,194,14,23,10,7,6,15,21,19,16,9,17,7,10,2,7,9,2,0
E00016368,288,13,17,18,14,14,24,20,23,19,18,23,24,17,20,10,5,4,5
E00016350,332,22,25,19,21,16,19,18,43,17,34,30,21,19,6,7,6,7,2
E00016369,388,21,29,40,32,18,19,18,39,35,36,26,28,14,10,10,4,5,4
E00016370,391,42,29,27,19,12,21,30,55,30,30,23,18,21,15,8,2,8,1
E00016371,322,25,29,28,25,14,20,16,40,33,18,21,15,14,5,3,8,3,5
E00016374,258,18,7,21,18,11,14,17,30,23,18,17,15,13,11,11,6,5,3
E00016352,273,17,34,24,18,11,15,20,20,22,23,19,13,13,11,4,1,3,5
E00016373,365,25,35,25,27,13,22,27,23,25,25,35,22,10,15,9,6,4,17
E00016378,335,28,29,18,23,16,16,26,21,22,31,34,15,18,17,4,8,6,3
E00016381,417,36,46,33,23,15,19,33,39,30,28,28,23,24,14,6,5,9,6
E00016382,282,24,25,20,13,14,14,24,17,19,18,23,23,16,4,6,11,6,5
E00016348,225,12,20,20,13,5,11,22,24,17,12,9,15,15,9,8,5,4,4
E00016372,334,21,32,33,22,18,16,28,34,30,22,23,21,9,15,1,2,4,3
E00016375,235,12,22,22,12,10,14,25,21,19,24,16,19,4,6,3,3,2,1
E00016377,273,16,23,28,17,10,16,20,21,30,18,21,16,11,5,15,3,1,2
E00016379,316,14,18,36,20,15,17,29,24,24,25,26,25,13,8,8,4,4,6
E00016349,378,26,27,40,29,16,23,22,37,25,31,31,17,17,12,7,8,6,4
E00016351,490,34,32,41,26,18,24,51,42,36,26,36,41,30,11,10,13,9,10
E00016376,319,17,24,26,26,18,18,17,23,32,26,21,13,21,10,6,9,5,7
E00016383,355,16,26,32,32,22,22,21,26,19,35,25,33,11,16,5,5,3,6
E00016353,321,17,27,23,22,25,15,27,23,32,19,27,12,18,7,13,6,5,3
E00016360,473,31,44,27,21,23,32,41,38,42,41,32,23,20,18,13,6,13,8
E00016380,300,16,29,30,18,14,21,21,33,22,22,13,18,11,8,13,1,5,5
E00016389,314,20,35,36,19,16,10,22,25,30,23,18,17,6,9,14,6,4,4
E00016390,228,10,11,21,19,16,14,14,30,16,15,9,17,13,5,3,5,6,4
E00016392,273,8,20,21,15,12,18,17,26,19,22,21,17,18,10,14,3,5,7
E00016359,336,13,19,17,20,12,16,13,30,20,27,29,26,23,16,16,13,12,14
E00016384,342,17,18,21,13,13,20,16,32,26,20,28,16,26,23,17,19,12,5
E00016385,462,19,25,27,25,17,27,38,45,26,34,35,21,40,30,19,11,12,11
E00016386,257,6,8,9,4,5,6,9,15,20,12,16,17,18,33,24,18,19,18
E00016388,274,11,18,13,5,10,10,12,20,28,16,26,24,18,12,19,11,14,7
E00016346,285,13,23,21,24,15,17,16,22,22,30,17,20,14,5,11,6,4,5
E00016354,268,26,21,16,11,13,13,21,18,31,29,14,18,11,6,5,6,6,3
E00016357,323,26,28,27,16,29,28,27,23,22,21,20,23,11,6,9,6,0,1
E00016358,331,36,21,19,21,32,19,29,40,24,19,18,15,6,9,4,6,3,10
E00016391,321,12,22,20,20,17,10,21,31,29,17,30,27,17,14,7,9,6,12
E00016403,370,29,50,38,20,20,17,30,33,29,36,20,15,19,1,3,3,5,2
E00016437,502,26,30,44,37,59,51,37,39,26,38,38,29,17,2,4,6,17,2
E00016439,401,36,37,28,11,33,35,50,49,33,26,21,11,15,4,4,3,3,2
E00016442,414,45,53,46,24,21,22,25,33,26,33,30,24,11,7,7,6,1,0
E00016399,529,33,37,33,59,44,61,49,43,23,28,28,34,28,22,3,1,2,1
E00016401,602,39,59,61,40,30,47,74,84,46,37,25,22,17,11,3,2,4,1
E00016406,304,13,17,23,42,28,37,31,16,16,19,21,11,15,5,2,1,0,7
E00016435,426,21,33,30,35,32,51,40,46,33,29,24,23,10,14,2,2,1,0
E00016412,409,25,30,26,18,35,38,46,47,17,23,31,22,21,7,7,7,3,6
E00016414,312,13,15,12,14,27,33,31,27,19,25,26,27,19,9,2,7,2,4
E00016418,713,29,32,38,28,71,103,146,81,45,27,40,28,21,6,7,4,6,1
E00016422,500,21,47,64,48,37,32,39,33,31,34,38,32,16,11,5,5,5,2
E00016395,571,27,16,6,11,56,115,130,62,43,23,19,15,13,9,7,9,5,5
E00016404,391,8,10,14,9,53,86,59,34,15,16,17,22,15,7,8,7,3,8
E00016405,355,14,16,6,10,40,72,65,37,19,12,14,26,10,5,5,3,0,1
E00016408,353,21,28,12,12,42,44,54,36,27,21,16,22,9,2,5,2,0,0
E00016410,344,19,15,13,5,28,50,58,42,27,14,14,16,14,5,11,11,1,1
E00016438,278,17,11,7,3,21,41,70,32,24,20,10,10,5,2,1,2,2,0
E00016402,307,19,29,25,12,23,34,22,17,24,30,21,18,10,3,11,3,2,4
E00016407,211,13,14,10,5,10,27,34,29,20,15,16,6,3,2,5,2,0,0
E00016409,441,16,41,35,32,33,46,36,37,33,46,33,16,16,9,9,1,1,1
E00016411,391,22,30,35,14,18,56,50,47,33,26,12,19,22,4,3,0,0,0
E00016413,357,21,21,25,16,29,39,39,19,30,28,23,20,24,8,11,1,1,2
E00016398,265,16,7,8,12,18,29,34,31,19,11,25,18,12,8,10,2,2,3
E00016431,598,21,14,6,15,47,89,112,85,69,28,32,24,19,15,17,3,0,2
E00016432,407,18,13,12,14,29,63,69,45,37,27,11,33,13,5,6,3,6,3
E00016434,412,17,28,28,39,42,41,31,26,26,36,32,28,10,12,10,5,1,0
E00173943,372,18,18,28,26,25,26,33,47,37,37,25,16,10,6,11,3,2,4
E00173946,52,0,2,0,0,1,6,8,11,5,5,4,3,1,0,1,2,1,2
E00016397,1379,84,53,28,23,133,260,315,208,129,45,33,29,12,7,13,2,1,4
E00016433,1486,97,29,37,27,146,289,299,201,82,41,60,45,37,29,23,20,12,12
E00016436,386,27,25,33,22,33,48,55,38,20,16,20,19,9,7,6,2,3,3
E00016440,377,14,29,27,28,52,44,25,26,28,29,27,29,12,1,1,1,3,1
E00016441,396,14,19,22,20,43,41,36,36,30,30,19,28,17,19,11,5,3,3
E00016415,429,19,42,31,30,33,57,52,33,19,29,20,20,13,12,10,3,3,3
E00016416,367,25,19,23,22,29,51,44,21,22,17,22,31,14,7,7,7,2,4
E00016419,441,22,38,39,42,29,64,39,29,24,23,22,24,18,7,11,6,2,2
E00016420,437,42,66,45,31,13,45,39,36,24,21,16,21,17,4,4,1,6,6
E00173947,341,25,21,24,20,19,46,39,14,21,24,28,23,21,6,7,3,0,0
E00173948,209,9,12,8,11,16,42,50,27,9,11,4,3,4,2,1,0,0,0
E00016417,330,11,23,39,18,20,24,16,30,23,21,20,25,23,9,10,7,6,5
E00016421,297,27,21,29,13,11,22,13,29,23,25,18,30,14,7,3,7,1,4
E00016423,310,19,25,40,24,18,24,24,19,26,15,30,20,9,7,4,2,3,1
E00016424,317,33,35,34,21,12,18,28,22,25,19,22,22,12,5,3,1,1,4
E00016427,223,12,21,22,16,9,8,14,19,15,16,24,17,13,6,3,3,3,2
E00016396,230,12,11,7,7,16,28,41,19,10,10,8,19,9,18,5,6,4,0
E00016426,295,16,22,26,10,18,16,29,27,25,30,23,14,7,10,9,3,4,6
E00016428,465,21,23,19,10,39,60,70,52,39,32,36,28,7,14,2,3,1,9
E00016429,272,14,10,8,1,12,27,31,21,21,14,14,13,12,21,9,19,10,15
E00016430,277,14,20,22,11,21,16,25,22,17,16,28,19,10,16,4,1,6,9
E00016445,330,24,24,14,13,12,27,33,41,30,32,20,17,10,11,10,7,2,3
E00016448,371,23,41,23,6,14,22,27,30,32,28,18,19,26,21,20,16,4,1
E00016452,313,12,32,19,11,11,14,19,18,27,23,20,24,18,16,21,22,1,5
E00016454,259,25,12,20,10,2,16,15,36,23,23,21,20,6,15,5,5,3,2
E00016455,255,22,21,14,12,4,15,28,32,21,21,17,12,9,8,6,9,2,2
E00016446,410,21,18,12,14,17,46,61,42,39,31,38,22,13,17,9,7,0,3
E00016453,207,5,10,11,7,7,22,27,15,17,17,14,10,15,12,10,3,3,2
E00016456,306,21,19,14,18,10,20,31,49,25,23,24,17,14,9,6,3,2,1
E00016457,315,14,17,12,9,8,57,66,37,26,22,18,7,14,5,1,1,0,1
E00016462,347,22,17,19,10,5,32,35,67,30,30,25,13,17,7,8,2,5,3
E00173944,315,13,14,9,12,9,43,74,42,29,17,20,12,4,9,3,0,0,5
E00173945,295,16,7,8,12,10,48,71,39,21,20,14,11,6,4,5,2,0,1
E00016460,415,41,36,26,13,21,29,42,47,41,29,31,14,16,11,7,3,2,6
E00016463,613,35,35,49,23,39,78,82,77,57,35,35,25,20,12,5,0,4,2
E00016467,338,16,15,21,16,8,41,16,35,23,26,24,14,20,25,23,7,0,8
E00016469,401,26,27,24,9,28,40,58,31,53,27,17,13,21,8,8,5,3,3
E00016471,376,46,48,28,16,21,36,40,35,29,19,17,13,10,4,10,1,1,2
E00016472,390,16,13,12,10,28,44,51,30,28,31,16,19,28,25,10,11,12,6
E00016447,297,21,17,11,17,7,22,46,36,26,22,20,13,14,6,6,4,2,7
E00016458,306,19,27,22,7,13,22,42,25,18,31,27,21,8,10,5,2,6,1
E00016459,273,10,21,37,15,5,11,14,15,23,34,17,17,7,13,14,10,7,3
E00016464,303,16,22,22,19,16,32,35,25,20,15,28,20,12,8,5,4,3,1
E00016465,211,19,19,14,4,7,13,10,13,13,8,10,16,6,7,9,13,4,26
E00016466,301,19,19,25,13,7,13,23,20,29,26,14,21,12,24,16,8,4,8
E00016475,205,18,18,20,16,16,10,19,10,4,25,14,13,12,4,0,1,2,3
E00016476,322,20,19,22,42,20,29,28,23,22,31,15,20,13,6,5,3,4,0
E00016478,199,13,16,7,6,11,18,17,27,22,21,7,11,6,3,4,1,3,6
E00016479,232,19,22,23,12,14,24,15,16,18,21,17,7,10,3,4,4,3,0
E00016480,257,13,22,23,20,31,17,25,23,10,15,16,19,13,2,6,0,2,0
E00016482,278,25,26,23,22,23,19,23,19,14,28,16,16,13,5,3,2,1,0
E00016468,251,21,18,15,6,6,12,16,22,25,23,17,19,17,6,11,5,8,4
E00016470,264,23,16,17,11,9,15,21,22,31,28,24,15,12,7,5,5,1,2
E00016473,377,38,25,33,18,17,25,37,31,37,23,20,28,15,10,9,5,3,3
E00016474,266,23,15,15,8,7,21,26,35,32,20,11,22,8,2,11,2,7,1
E00016477,270,13,12,15,4,6,12,32,35,36,19,18,29,12,9,8,4,4,2
E00016481,423,33,22,33,14,18,54,56,53,41,22,30,26,9,6,2,3,1,0
E00016444,390,25,28,33,17,13,35,47,25,29,30,25,27,18,16,3,5,12,2
E00016484,428,49,54,32,14,5,26,44,40,34,24,13,27,16,15,12,11,3,9
E00016485,356,49,40,24,4,14,28,37,32,26,14,31,11,14,6,3,3,15,5
E00016488,406,29,47,49,23,10,12,19,17,31,35,32,31,11,9,19,10,12,10
E00016489,400,49,51,41,8,11,15,41,32,26,31,24,21,9,12,12,9,5,3
E00016443,334,26,28,31,11,10,17,20,23,29,29,20,21,15,18,10,10,11,5
E00016483,243,21,12,8,15,7,20,21,24,24,24,19,11,10,12,6,3,2,4
E00016486,434,37,27,26,24,19,32,39,46,47,30,22,27,16,14,9,4,7,8
E00016487,267,16,33,22,8,10,15,12,21,27,18,21,15,11,10,15,6,3,4
E00016491,220,16,10,13,11,5,20,24,25,9,18,16,18,7,11,9,5,1,2
E00016449,298,24,31,20,11,9,20,37,32,36,20,12,14,9,9,7,3,2,2
E00016450,243,13,24,8,5,9,24,44,32,20,14,18,7,11,4,2,6,1,1
E00016451,319,28,31,24,10,15,13,34,37,27,28,16,17,20,6,5,3,4,1
E00016490,386,37,41,23,10,15,28,54,45,27,31,27,12,15,8,7,5,0,1
E00016492,299,23,22,23,10,23,23,33,26,27,21,17,16,11,7,6,2,3,6
E00016513,339,27,32,25,16,16,25,22,28,18,38,29,21,19,7,5,6,5,0
E00016514,230,19,19,15,6,9,9,11,27,21,16,11,16,14,11,10,6,5,5
E00016515,359,27,22,28,18,12,10,21,35,24,37,24,20,16,15,10,8,13,19
E00016516,329,33,24,26,26,21,22,23,28,26,28,22,13,16,7,2,5,6,1
E00016519,264,20,10,14,11,8,16,18,41,20,19,24,18,23,6,8,7,1,0
E00016521,274,25,19,18,11,14,20,20,33,20,14,21,15,17,2,6,8,5,6
E00016496,261,32,18,13,10,8,17,24,32,27,19,13,14,10,6,4,5,6,3
E00016517,207,18,19,3,14,10,18,19,17,10,5,17,24,13,6,4,6,0,4
E00016518,292,27,24,13,4,9,25,26,38,22,12,20,15,12,13,7,9,5,11
E00016523,242,17,15,12,9,7,17,18,17,27,19,17,17,14,10,11,5,7,3
E00016524,337,24,30,13,14,17,24,34,37,29,15,23,22,16,9,10,7,7,6
E00016525,213,7,8,0,9,4,22,16,17,10,10,15,11,18,8,6,15,10,27
E00016497,272,32,26,17,17,9,26,24,22,27,14,16,12,15,5,3,2,3,2
E00016527,235,30,24,14,8,8,28,23,32,22,10,11,9,2,6,4,3,1,0
E00016528,223,29,20,9,7,10,27,33,25,15,14,10,10,8,2,2,0,1,1
E00016531,382,27,29,27,27,25,28,22,27,32,18,30,24,29,10,9,6,10,2
E00016532,234,20,10,10,11,20,18,28,19,20,17,18,12,15,4,2,3,4,3
E00016535,267,20,21,20,15,17,17,33,17,26,16,20,20,7,5,7,2,1,3
E00016520,317,18,21,28,20,20,12,16,23,25,19,24,19,26,14,10,6,12,4
E00016522,298,22,23,21,12,13,15,24,26,28,17,20,20,13,12,13,7,6,6
E00016526,279,17,21,14,16,20,12,19,13,27,14,18,21,15,15,15,7,8,7
E00016529,241,18,13,16,11,18,16,16,15,28,8,18,13,15,16,8,7,1,4
E00016530,318,21,32,27,24,12,14,21,28,29,19,21,12,21,9,9,5,8,6
E00016533,333,19,18,24,15,15,12,21,30,36,18,22,28,26,18,19,8,4,0
E00016534,267,9,20,16,15,16,16,21,12,16,28,22,10,23,10,12,9,6,6
E00016536,308,23,13,18,24,18,15,14,25,22,25,27,16,25,10,6,19,5,3
E00016537,294,15,19,28,33,10,11,28,14,22,27,26,19,18,7,7,6,2,2
E00016538,321,23,21,14,22,17,25,17,26,26,29,18,25,27,9,10,7,4,1
E00016539,344,26,30,31,19,11,14,28,22,36,21,15,20,21,10,5,11,12,12
E00016493,355,26,25,30,28,19,32,24,37,22,19,23,21,15,15,6,2,6,5
E00016499,487,29,43,35,41,23,31,43,57,38,34,20,26,18,17,13,11,4,4
E00016502,276,20,10,9,19,12,18,43,23,29,19,22,20,8,3,11,3,2,5
E00016503,221,8,15,8,6,9,22,34,23,19,17,16,15,11,8,7,1,2,0
E00016507,261,22,11,12,23,13,12,22,35,33,26,14,12,5,8,6,3,2,2
E00016540,328,18,24,23,26,10,28,18,27,25,30,19,19,20,12,7,7,5,10
E00016498,615,50,26,29,26,27,37,45,52,57,65,34,39,47,31,26,11,8,5
E00016500,327,30,31,21,20,17,20,23,34,24,22,22,13,12,12,14,8,1,3
E00016505,364,38,28,26,8,12,24,28,48,26,34,16,23,16,9,8,5,4,11
E00016541,354,22,9,17,14,16,31,19,30,23,30,30,21,24,22,15,8,14,9
E00016494,338,20,28,15,15,14,32,30,36,29,23,24,20,15,11,11,4,1,10
E00016495,201,11,11,9,5,9,19,29,24,24,17,8,12,9,8,5,1,0,0
E00016501,481,20,27,24,22,29,32,42,40,37,26,31,44,21,31,25,9,10,11
E00016508,360,22,22,17,16,16,18,23,44,25,19,19,36,19,19,20,10,7,8
E00016511,390,17,29,17,20,16,31,30,44,31,31,25,33,27,12,14,6,3,4
E00016504,302,5,16,19,21,17,15,17,12,13,13,34,32,18,13,20,12,12,13
E00016506,360,17,34,24,10,13,14,16,38,38,32,30,22,13,23,16,10,5,5
E00016509,444,22,27,25,17,20,16,29,37,42,24,23,33,37,28,24,17,11,12
E00016510,264,27,17,12,9,4,7,28,31,20,18,17,16,16,5,17,10,5,5
E00016512,318,22,7,19,14,10,23,28,28,30,21,19,25,17,17,15,9,7,7
E00016573,344,24,16,15,17,31,36,33,34,28,30,20,18,5,17,6,4,3,7
E00016579,276,12,7,10,13,25,32,47,34,22,20,14,7,11,8,8,2,2,2
E00016580,416,34,18,10,7,52,45,41,45,31,35,17,16,14,12,12,7,7,13
E00016581,523,33,28,28,23,64,55,65,46,42,37,31,29,13,12,8,4,3,2
E00016582,507,41,19,8,9,74,71,55,41,36,32,27,19,24,13,12,4,6,16
E00016564,465,21,14,20,30,65,66,33,32,24,29,33,24,24,19,7,12,4,8
E00016567,271,12,23,17,18,18,44,28,17,33,10,16,17,8,3,2,2,0,3
E00016569,421,17,24,20,22,26,62,42,32,52,21,32,19,16,14,4,6,11,1
E00016571,387,16,20,13,11,44,65,33,10,34,11,17,25,30,31,10,8,5,4
E00173700,233,15,10,6,5,29,37,23,18,29,13,12,6,9,9,4,3,1,4
E00173702,210,11,3,10,12,22,17,23,15,25,9,11,17,15,11,3,3,1,2
E00016546,363,27,21,19,12,23,49,27,59,38,26,18,12,7,4,4,9,4,4
E00016547,364,19,21,17,8,25,37,38,39,33,21,27,28,14,12,5,8,1,11
E00016548,360,15,20,17,19,20,40,31,32,28,22,30,26,16,18,9,9,4,4
E00016550,375,38,19,14,15,23,50,37,40,35,23,19,22,10,15,2,9,3,1
E00016583,269,11,12,15,12,21,27,22,17,23,19,22,15,13,19,4,9,3,5
E00016542,353,21,27,20,20,27,22,25,32,25,25,31,24,16,7,11,11,5,4
E00016552,332,13,21,23,16,27,18,21,31,22,17,25,33,20,11,12,8,7,7
E00016554,277,22,22,20,8,11,12,17,39,23,24,12,22,18,8,8,3,5,3
E00016555,340,22,25,14,18,21,17,16,23,22,23,19,26,8,15,5,16,19,31
E00016556,357,21,20,17,25,30,23,18,32,31,30,25,25,16,16,4,4,11,9
E00016543,337,22,15,19,8,9,35,56,29,27,32,22,23,13,11,8,2,3,3
E00016545,375,48,27,27,17,29,23,31,29,25,34,25,27,7,7,6,7,4,2
E00016549,369,42,31,18,16,19,18,9,25,30,31,41,23,25,7,14,13,5,2
E00016551,450,41,35,30,22,13,35,25,23,41,41,38,30,17,15,12,18,13,1
E00016553,370,41,28,24,14,17,23,27,34,39,36,31,25,4,9,6,2,7,3
E00016558,246,16,12,7,10,13,20,36,35,26,16,22,14,6,5,3,3,2,0
E00016561,295,12,9,11,13,24,37,43,31,30,22,17,13,7,7,9,6,2,2
E00016566,333,18,14,16,8,22,34,39,32,33,32,19,19,8,8,9,11,3,8
E00016568,355,21,25,16,16,16,32,42,38,39,25,26,14,12,14,9,7,1,2
E00016572,295,13,20,7,12,24,21,34,27,38,26,17,24,9,6,9,4,3,1
E00016575,238,13,7,7,13,9,14,37,25,26,24,25,19,6,9,2,1,1,0
E00016557,215,13,20,13,11,12,26,20,26,17,13,8,11,7,6,11,0,1,0
E00016559,384,24,17,12,10,30,57,54,40,36,20,22,24,12,3,13,4,4,2
E00016560,315,13,21,8,9,18,48,37,37,29,25,19,16,10,10,6,6,2,1
E00016562,313,17,18,15,14,26,34,25,20,30,21,29,12,14,7,12,3,7,9
E00016563,439,32,31,27,20,31,52,52,38,31,22,34,22,9,3,17,9,7,2
E00016565,297,14,9,14,11,23,36,37,36,16,18,22,17,16,10,6,6,4,2
E00016544,380,15,18,24,15,52,20,26,39,21,24,24,22,15,17,17,16,10,5
E00016574,296,25,10,15,6,25,18,23,33,26,21,21,18,15,19,8,8,4,1
E00016576,332,19,18,19,9,24,30,24,35,25,30,20,19,27,10,16,2,3,2
E00016577,387,24,31,21,18,31,17,28,34,37,28,20,33,23,15,17,2,7,1
E00016578,271,19,13,15,8,21,16,29,23,17,25,12,25,11,14,9,8,2,4
E00016613,422,29,40,20,20,13,18,35,43,43,20,22,30,31,13,20,13,5,7
E00016614,433,29,39,34,27,26,25,40,33,34,28,28,27,21,10,10,10,3,9
E00016615,349,30,32,22,8,10,16,41,39,41,15,18,20,12,12,14,6,3,10
E00016618,300,20,27,32,11,20,17,32,18,19,18,20,19,14,11,6,6,5,5
E00016621,272,24,26,25,13,9,12,23,25,32,11,20,19,13,5,4,2,2,7
E00016609,274,16,18,19,9,5,15,16,28,28,26,18,15,15,13,10,9,7,7
E00016617,381,34,22,26,19,13,16,17,44,40,37,25,21,15,15,8,8,7,14
E00016619,310,13,17,26,16,5,8,12,14,23,39,25,23,22,29,23,4,9,2
E00016620,326,15,17,22,32,16,11,17,25,34,29,18,24,14,17,8,9,12,6
E00016622,275,21,23,11,12,10,23,31,27,20,17,12,22,20,15,3,1,0,7
E00016584,691,51,27,27,46,63,98,77,78,47,32,47,32,24,10,9,7,13,3
E00016596,386,29,35,22,20,25,40,36,38,48,19,23,18,14,4,3,7,3,2
E00016598,556,31,27,23,13,42,84,52,50,57,32,32,27,20,20,23,11,6,6
E00016623,412,32,11,11,5,29,70,59,51,47,27,22,21,15,3,6,2,1,0
E00174036,238,10,2,6,14,18,33,37,18,27,16,11,12,10,8,9,2,5,0
E00174038,391,12,23,18,13,25,68,37,39,41,29,17,20,14,11,8,8,8,0
E00016585,378,27,17,19,7,18,28,49,54,36,25,22,20,16,12,6,8,10,4
E00016593,472,41,45,33,14,17,17,20,58,52,45,17,36,23,17,11,9,10,7
E00016600,402,25,37,35,19,10,14,13,40,33,37,34,28,21,25,13,7,6,5
E00016602,322,26,29,29,13,4,10,16,20,33,32,16,33,20,13,9,4,7,8
E00016624,283,14,9,13,10,20,19,37,38,36,22,17,13,12,11,7,3,1,1
E00016625,366,30,17,8,12,18,22,28,46,39,28,24,23,17,9,12,8,10,15
E00016587,464,22,32,22,26,18,34,47,55,29,38,35,30,17,22,15,13,4,5
E00016594,343,19,26,13,16,13,34,30,32,41,38,20,22,9,8,7,7,5,3
E00016605,547,48,34,23,16,23,45,52,74,72,34,37,25,23,16,11,6,2,6
E00016608,208,16,26,5,6,3,10,14,36,23,21,8,13,7,4,8,3,1,4
E00016626,373,19,26,28,20,14,31,13,30,44,24,27,27,15,15,17,9,9,5
E00016588,421,24,23,24,29,18,34,38,46,37,30,29,20,16,17,12,7,10,7
E00016592,531,33,42,41,22,11,22,48,51,50,52,29,30,25,22,19,12,14,8
E00016604,308,12,19,23,20,8,12,22,28,25,29,24,24,13,14,10,9,8,8
E00016611,244,17,14,6,8,10,26,32,38,14,11,27,16,8,1,6,6,2,2
E00016612,181,9,13,18,10,8,4,10,12,16,12,18,11,7,10,9,6,5,3
E00016616,354,27,19,17,12,20,28,62,50,38,26,23,9,7,3,4,4,3,2
E00016589,326,14,27,18,13,16,15,21,21,30,24,33,22,14,5,25,9,3,16
E00016595,370,19,38,42,34,16,19,33,27,29,21,33,20,16,10,6,2,4,1
E00016597,168,14,17,7,4,5,9,16,10,9,7,5,15,13,6,6,8,12,5
E00016599,355,34,32,19,13,14,24,43,33,35,25,31,18,10,4,5,6,2,7
E00016601,361,21,43,37,15,20,23,25,27,32,26,25,23,12,5,9,6,8,4
E00016607,196,7,6,16,6,8,6,16,17,14,25,9,14,9,7,13,9,7,7
E00016590,406,33,31,16,8,11,33,43,55,40,25,26,19,16,8,12,14,11,5
E00016591,349,23,22,23,20,9,28,31,23,29,31,21,26,18,15,9,12,7,2
E00016603,512,34,30,36,27,18,28,40,34,42,49,40,36,28,31,17,17,3,2
E00016606,466,45,49,29,15,8,24,27,60,39,46,21,28,23,22,12,9,5,4
E00016610,358,45,23,26,15,6,16,35,48,29,37,21,17,12,10,3,7,5,3
E00016635,564,40,23,11,11,35,91,71,57,67,56,29,19,17,12,6,12,4,3
E00016640,342,21,22,18,7,13,23,24,22,20,18,15,16,29,14,16,19,14,31
E00016641,461,27,34,37,30,37,49,37,28,40,40,27,13,29,10,8,4,5,6
E00016642,475,32,29,27,19,23,54,42,42,31,36,27,20,32,18,14,13,9,7
E00016643,338,11,8,16,14,15,21,29,21,17,17,19,12,36,42,23,14,11,12
E00016630,388,22,16,13,4,22,59,41,35,43,34,26,21,16,11,11,7,4,3
E00016647,337,17,26,23,23,28,46,25,19,39,30,14,15,14,6,4,5,1,2
E00016648,294,30,10,9,6,16,49,40,25,30,17,8,15,17,7,7,3,1,4
E00016649,256,12,15,14,5,25,30,23,18,21,10,7,15,24,7,10,3,10,7
E00016651,432,38,27,27,15,28,43,55,47,52,34,13,9,19,9,7,7,0,2
E00016629,377,20,35,17,20,12,33,35,32,35,21,27,24,20,16,10,8,6,6
E00016650,245,18,10,13,10,10,19,21,30,23,15,30,16,12,7,1,6,3,1
E00016652,262,20,20,18,22,13,16,15,20,15,10,23,13,13,8,7,6,7,16
E00016654,240,24,20,17,16,9,19,16,20,18,22,24,11,9,6,2,2,4,1
E00016657,259,17,22,15,13,12,19,24,31,18,17,25,10,17,3,6,3,6,1
E00016653,313,21,18,18,20,8,16,35,28,25,27,29,20,17,7,11,3,5,5
E00016655,367,26,21,18,21,20,32,40,41,41,29,21,31,13,8,1,3,0,1
E00016656,326,26,22,9,22,16,25,37,38,28,15,13,32,9,6,14,5,6,3
E00016662,247,24,11,9,12,9,20,17,28,29,15,20,17,16,2,5,4,8,1
E00016664,347,32,15,14,14,18,23,39,40,30,31,24,21,15,5,16,7,2,1
E00016631,326,33,11,14,12,16,21,46,39,32,23,18,15,22,0,5,2,8,9
E00016658,294,28,11,7,18,15,17,37,24,30,22,26,25,14,7,2,2,3,6
E00016659,276,24,19,8,22,11,25,31,25,26,20,15,18,10,5,6,2,7,2
E00016660,350,36,13,22,11,15,22,45,32,40,20,30,17,5,3,10,8,5,16
E00016663,347,26,15,11,11,13,36,37,32,42,12,33,25,30,9,4,3,3,5
E00016632,579,49,73,36,50,25,32,55,64,45,44,28,36,15,8,9,4,4,2
E00016666,327,19,24,11,17,16,23,29,27,34,26,17,31,19,10,13,4,4,3
E00016667,418,28,36,26,38,20,23,26,38,34,34,21,40,14,13,7,10,6,4
E00016669,280,18,18,15,44,9,11,21,29,20,20,21,21,10,4,10,3,1,5
E00016673,341,20,19,20,26,8,18,29,28,19,17,19,42,23,13,17,9,5,9
E00016633,382,14,20,16,21,30,54,43,46,28,21,24,26,11,5,8,9,3,3
E00016636,699,18,14,10,33,265,151,79,43,27,15,13,13,9,4,4,1,0,0
E00016638,2531,223,108,50,38,170,553,579,378,177,91,63,40,28,10,10,8,4,1
E00016639,1067,68,77,94,78,93,124,84,76,83,74,77,57,39,18,7,9,4,5
E00016674,441,51,19,23,15,24,53,46,38,37,38,38,15,11,11,9,5,5,3
E00174018,632,28,15,4,2,24,154,168,119,53,26,16,10,9,3,0,1,0,0
E00174019,202,14,8,5,6,3,16,27,28,30,19,11,7,4,8,8,3,3,2
E00174021,114,6,6,4,3,9,16,19,15,9,8,14,1,1,2,0,1,0,0
E00016680,247,16,5,9,10,14,44,37,29,15,22,9,12,3,2,0,4,7,9
E00016716,330,21,17,28,8,27,60,51,44,28,18,18,4,3,3,0,0,0,0
E00016717,204,18,12,14,2,15,31,38,29,10,21,9,3,2,0,0,0,0,0
E00016719,356,33,18,32,27,31,40,40,27,22,38,13,17,7,5,3,0,1,2
E00016720,300,25,16,18,13,25,51,39,36,27,18,17,8,4,2,0,0,1,0
E00016725,212,11,9,20,9,15,26,26,31,25,16,8,9,3,1,2,1,0,0
E00016678,291,18,15,17,23,26,30,17,16,17,25,22,23,13,7,12,7,0,3
E00016722,354,23,33,37,35,21,19,23,16,24,24,22,36,14,11,7,6,1,2
E00016724,296,14,14,9,7,27,29,47,38,33,21,22,18,6,5,6,0,0,0
E00016727,325,18,18,16,15,28,32,35,20,20,14,17,32,21,16,17,3,0,3
E00016706,348,14,26,8,17,28,46,30,36,32,16,29,21,18,10,5,10,2,0
E00016708,288,23,6,15,23,26,32,14,29,29,21,24,17,13,4,4,3,3,2
E00016709,378,29,22,16,22,34,58,38,27,30,19,23,18,14,6,9,7,4,2
E00016714,335,23,19,12,24,33,45,39,38,22,12,21,16,8,4,3,9,6,1
E00016715,349,19,24,14,15,34,51,37,40,30,22,14,17,12,6,6,6,2,0
E00016676,295,17,22,24,17,16,20,22,22,18,22,15,21,24,16,6,7,4,2
E00016685,308,20,23,22,14,30,23,25,17,21,20,17,25,17,9,10,8,5,2
E00016690,270,8,7,20,10,18,22,29,13,24,19,25,21,20,9,8,6,8,3
E00016691,261,14,16,13,10,19,29,30,22,19,13,20,15,24,7,3,4,3,0
E00016726,172,17,11,17,6,4,15,19,8,18,9,9,9,15,6,4,3,2,0
E00016675,137,7,10,2,6,6,14,13,21,22,13,3,8,5,1,3,2,1,0
E00016677,866,24,32,13,60,185,176,133,74,56,29,21,31,12,9,6,1,2,2
E00016683,290,15,18,12,15,26,44,40,31,43,14,13,6,7,2,3,0,1,0
E00016697,343,13,28,21,30,29,32,21,30,44,21,18,22,13,8,5,1,2,5
E00173940,325,16,22,17,22,28,58,33,20,24,16,13,14,19,8,5,2,6,2
E00173949,445,24,38,19,31,32,55,49,50,49,36,19,23,9,4,4,2,1,0
E00016684,274,13,10,21,9,20,33,31,31,27,22,10,11,8,16,2,6,2,2
E00016687,189,13,12,6,4,12,22,30,29,15,13,12,6,7,4,0,1,3,0
E00016694,396,25,37,27,27,27,37,35,35,28,38,33,22,14,4,1,3,2,1
E00016718,274,17,22,19,14,15,13,26,21,14,20,10,20,12,12,16,11,8,4
E00016721,228,9,14,14,14,16,18,21,14,20,16,17,17,9,15,2,1,11,0
E00016723,249,11,13,19,7,15,19,28,18,24,18,18,13,17,10,10,6,2,1
E00016688,267,10,13,28,20,20,19,26,17,21,19,10,13,13,20,10,7,0,1
E00016695,253,12,9,12,15,23,14,25,17,13,17,21,20,10,11,13,13,1,7
E00016705,311,13,11,10,7,31,46,58,35,31,19,16,19,8,3,1,2,0,1
E00016710,356,21,15,30,23,38,32,45,28,31,27,24,13,13,6,5,4,0,1
E00016712,371,13,10,11,34,98,61,43,21,16,15,14,17,6,6,3,1,0,2
E00016682,183,11,6,4,4,13,28,40,23,20,11,10,6,4,2,1,0,0,0
E00016686,346,15,26,21,23,41,33,26,31,24,26,18,21,18,7,2,11,2,1
E00016699,292,9,24,22,10,14,24,35,33,28,18,18,14,19,9,4,6,2,3
E00016702,402,28,15,7,11,11,44,77,61,26,25,20,19,24,16,6,7,1,4
E00016707,551,29,20,14,17,32,73,112,76,53,43,20,17,17,11,5,8,1,3
E00016711,452,18,28,25,10,32,51,73,61,41,31,28,18,17,11,4,2,2,0
E00016679,241,10,12,10,10,18,16,20,20,18,12,13,19,17,8,12,12,10,4
E00016689,261,11,16,14,5,24,29,25,25,25,14,9,19,12,9,8,3,5,8
E00016693,335,13,16,25,19,32,25,30,21,32,11,23,25,20,8,4,6,10,15
E00016701,411,28,31,30,36,45,30,32,36,31,17,28,26,13,10,9,5,0,4
E00173939,720,49,74,50,39,62,47,73,80,57,45,34,39,27,11,15,5,8,5
E00016750,271,23,15,9,2,7,16,36,44,25,17,20,19,13,10,4,2,7,2
E00016752,336,19,25,22,13,6,15,18,29,27,26,23,22,21,16,8,17,12,17
E00016753,329,26,15,19,19,8,16,29,36,31,26,24,23,28,16,8,1,4,0
E00016758,309,15,18,15,20,15,28,24,24,21,25,30,21,18,10,3,8,5,9
E00016763,317,21,23,17,9,8,23,33,32,29,33,21,20,15,12,9,4,0,8
E00016738,431,24,24,29,16,12,30,36,34,33,52,27,28,16,18,12,13,19,8
E00016739,357,27,29,30,20,17,12,26,28,21,47,31,23,16,4,8,4,9,5
E00016740,313,13,23,16,13,20,31,20,25,30,27,24,21,16,11,10,3,4,6
E00016749,346,31,24,24,8,13,23,43,40,28,37,25,16,15,10,6,1,1,1
E00016755,492,31,33,38,30,23,30,35,45,31,59,51,27,10,15,16,7,7,4
E00016728,259,13,24,14,15,11,23,19,21,19,24,16,12,8,9,12,8,7,4
E00016764,250,10,22,13,16,24,29,24,20,17,22,11,14,3,10,7,7,0,1
E00016766,380,19,29,33,27,23,33,25,25,16,25,34,21,10,18,20,8,3,11
E00016768,314,31,40,19,14,19,15,35,34,22,26,23,12,3,7,8,1,3,2
E00016772,349,23,21,25,23,27,21,23,34,20,27,21,26,12,16,12,5,2,11
E00016737,287,8,19,14,10,15,21,53,19,28,17,15,29,17,14,1,5,1,1
E00016748,271,8,15,19,8,8,20,51,22,24,20,17,27,6,9,9,5,1,2
E00016756,303,12,29,29,22,26,22,32,15,25,23,16,22,5,4,9,1,3,8
E00016760,367,23,25,20,5,16,39,109,40,29,14,11,14,6,8,5,1,2,0
E00173704,375,20,16,15,10,17,44,80,58,39,13,19,14,11,8,3,1,2,5
E00173705,115,4,5,7,2,4,12,19,17,19,7,9,2,5,0,1,2,0,0
E00173707,5,0,0,0,0,0,1,1,0,1,0,0,1,1,0,0,0,0,0
E00016729,306,29,17,9,11,17,15,22,28,23,23,18,20,17,17,19,11,3,7
E00016730,331,19,29,26,11,9,24,19,24,34,26,17,28,15,16,10,9,10,5
E00016759,324,25,29,24,10,13,16,19,20,28,27,14,25,15,13,14,21,2,9
E00016761,328,29,34,16,9,14,12,13,34,29,25,23,17,21,13,17,5,9,8
E00016762,431,29,51,41,19,27,21,26,36,34,27,32,34,12,13,5,9,10,5
E00016765,264,16,15,10,7,13,23,35,30,25,22,19,11,10,12,8,4,4,0
E00016767,252,19,13,13,6,10,13,31,21,20,15,28,12,10,15,10,7,5,4
E00016770,146,10,5,3,4,4,11,25,24,15,12,11,8,5,6,0,3,0,0
E00016771,346,21,29,15,18,29,12,32,35,31,31,27,22,7,9,12,7,9,0
E00016774,393,27,37,28,17,21,13,27,35,40,37,29,22,19,14,9,12,5,1
E00016777,354,24,27,26,15,17,15,23,35,26,28,21,21,18,15,13,9,14,7
E00016731,314,34,22,13,12,13,17,35,44,35,24,15,19,12,8,6,5,0,0
E00016769,346,42,29,38,20,13,21,23,34,25,32,22,19,8,7,3,7,1,2
E00016773,248,29,19,22,10,11,14,23,26,32,16,16,14,6,3,0,2,1,4
E00016775,256,18,23,21,23,16,12,16,27,21,19,15,20,10,7,1,2,2,3
E00016776,353,20,14,20,16,13,26,35,41,23,25,16,36,24,20,2,16,1,5
E00016745,441,38,45,27,22,15,25,47,46,54,38,23,30,14,5,5,1,0,6
E00016746,385,36,24,26,11,12,28,37,51,37,24,21,25,21,7,12,6,2,5
E00016751,349,20,24,23,16,16,23,33,39,40,31,19,16,24,8,8,6,1,2
E00016754,309,32,25,14,10,10,12,34,41,29,24,18,10,15,8,13,7,3,4
E00016757,344,33,38,30,7,4,13,25,48,38,44,16,15,16,5,5,4,1,2
E00016732,351,15,24,13,7,15,52,49,45,30,33,21,15,9,11,4,2,4,2
E00016735,415,32,34,22,9,21,46,49,43,42,31,24,23,11,9,2,7,8,2
E00016741,273,17,20,7,5,12,21,39,30,18,32,13,13,10,15,6,5,6,4
E00016742,354,20,28,15,5,13,46,58,50,32,24,15,15,6,9,8,5,2,3
E00016733,330,24,36,11,16,10,13,35,42,37,21,14,17,13,12,15,6,5,3
E00016734,278,20,16,13,12,16,18,29,33,28,15,22,17,15,3,5,8,5,3
E00016743,273,31,16,15,4,9,26,28,48,25,12,15,12,10,7,4,5,5,1
E00016744,338,19,21,14,17,21,31,29,24,29,26,19,19,29,15,14,3,4,4
E00016747,304,24,15,13,16,13,18,36,41,30,15,23,12,10,12,10,7,5,4
E00016779,265,24,11,8,22,26,19,45,19,16,19,13,19,11,3,1,2,5,2
E00016789,430,43,48,19,12,18,16,28,33,48,33,27,32,16,7,15,11,15,9
E00016797,393,24,27,19,24,15,26,30,32,35,44,27,29,18,13,14,4,5,7
E00016798,555,90,49,21,9,22,44,85,59,38,42,28,29,15,8,6,3,3,4
E00016821,1337,228,75,34,42,50,108,281,164,113,77,39,41,24,19,19,8,6,9
E00016780,470,21,20,24,25,24,47,40,44,35,33,43,34,17,12,9,8,15,19
E00016782,415,30,22,16,25,15,35,35,36,35,33,27,43,22,10,11,6,11,3
E00016790,234,24,20,9,11,13,24,26,26,27,15,14,12,6,3,1,2,0,1
E00016792,598,74,58,44,45,32,57,56,53,60,37,28,27,10,8,5,1,1,2
E00016795,299,15,22,14,15,22,25,21,24,19,18,28,22,15,7,4,5,13,10
E00016796,521,41,40,48,48,21,40,40,44,36,30,45,32,20,12,10,2,1,11
E00016799,404,38,26,30,19,15,21,30,46,36,23,28,32,18,20,7,6,6,3
E00016804,382,36,18,28,26,11,20,30,35,32,14,24,13,16,7,16,14,14,28
E00016805,437,37,25,26,35,16,25,57,43,35,16,32,42,16,12,12,3,3,2
E00016806,275,18,12,21,22,15,9,16,31,14,15,30,24,19,13,8,3,4,1
E00016781,229,15,12,7,11,16,18,19,21,27,11,19,12,12,15,4,5,2,3
E00016793,182,8,8,7,14,11,14,14,15,15,11,16,31,11,5,1,1,0,0
E00016794,200,18,14,10,11,7,9,16,18,16,19,18,20,13,2,1,0,4,4
E00016801,261,22,18,9,16,15,17,30,25,23,18,18,17,13,6,6,4,3,1
E00016803,269,20,13,21,12,11,14,32,34,18,13,26,21,13,6,2,5,6,2
E00016808,229,17,19,16,17,14,11,20,17,30,17,11,14,9,4,4,0,4,5
E00016783,352,35,18,19,15,17,35,20,28,27,28,29,32,13,15,7,3,6,5
E00016802,437,65,28,22,14,26,60,27,31,26,28,26,36,17,10,6,5,4,6
E00016807,417,50,26,32,19,24,54,22,32,28,35,27,23,16,8,6,5,4,6
E00016809,348,33,18,10,6,22,44,24,24,22,32,30,26,13,16,8,10,3,7
E00016810,478,56,21,17,21,27,69,29,44,38,34,34,35,26,11,7,6,1,2
E00016784,284,11,14,16,12,28,21,21,19,17,32,30,22,14,7,4,2,4,10
E00016811,362,25,29,16,17,16,27,33,37,43,23,27,23,16,10,6,3,10,1
E00016812,300,14,10,20,15,20,23,19,29,25,16,30,34,17,9,3,5,4,7
E00016816,288,18,13,22,6,17,26,21,29,18,30,21,23,13,13,6,3,4,5
E00016817,311,37,22,15,14,22,15,13,29,25,27,26,21,14,6,8,4,4,9
E00016813,280,22,14,11,8,10,24,32,37,18,20,16,25,18,10,5,5,2,3
E00016814,279,22,12,18,18,11,18,27,36,21,25,15,19,18,3,3,7,4,2
E00016815,330,18,24,24,16,13,28,32,41,24,21,13,30,19,6,6,7,6,2
E00016818,260,32,17,12,11,7,22,27,35,18,16,16,13,10,7,4,8,2,3
E00016819,280,16,12,7,15,15,31,33,31,16,19,17,26,22,2,2,6,2,8
E00016785,291,16,16,13,13,18,21,27,31,35,14,16,19,13,14,6,7,8,4
E00016786,286,17,13,18,12,17,14,20,27,34,24,26,20,21,9,7,4,2,1
E00016787,658,89,75,41,22,28,41,40,87,87,44,39,30,16,10,6,1,1,1
E00016822,333,28,28,20,17,16,23,25,37,26,39,20,15,14,10,4,2,7,2
E00016824,269,25,12,15,7,12,18,16,32,32,23,17,24,10,8,6,5,5,2
E00016778,307,24,19,25,15,19,26,22,30,30,30,19,16,8,7,5,4,6,2
E00016788,275,19,14,23,15,10,19,24,25,24,20,26,12,8,12,5,5,8,6
E00016791,320,23,27,27,16,13,18,32,40,35,17,17,12,18,9,4,3,8,1
E00016800,262,19,27,25,14,11,14,20,37,25,18,19,9,11,1,4,4,2,2
E00016820,328,33,27,21,13,7,26,47,38,36,14,23,15,14,6,3,2,2,1
E00016823,286,21,16,26,15,11,21,28,20,22,24,20,21,14,5,8,5,5,4
E00016843,311,44,18,20,7,16,25,23,26,36,15,23,19,5,11,10,2,6,5
E00016863,374,37,17,11,9,22,18,33,29,38,19,25,23,21,8,7,9,16,32
E00016868,287,28,11,18,10,19,21,22,23,25,19,17,17,19,15,8,5,6,4
E00016870,282,23,15,16,4,15,17,19,26,24,27,19,28,12,10,5,6,6,10
E00016871,322,33,22,12,12,26,15,27,24,18,20,19,30,18,15,9,6,14,2
E00016848,271,27,11,16,5,17,22,13,16,24,22,13,21,22,11,9,10,4,8
E00016859,392,22,27,15,12,19,37,32,36,42,25,15,26,31,15,12,9,9,8
E00016861,553,25,38,22,17,46,100,49,52,62,42,26,22,21,10,8,5,5,3
E00016862,306,18,13,12,6,21,36,27,35,32,18,21,16,19,10,2,9,3,8
E00016866,437,23,34,26,12,37,56,26,40,56,28,17,26,12,13,12,9,10,0
E00016829,263,22,12,14,9,8,24,30,41,19,27,15,12,9,14,3,2,1,1
E00016851,343,20,22,28,11,5,21,16,45,26,28,29,20,19,12,18,8,8,7
E00016860,361,22,11,17,12,13,44,44,56,35,30,25,18,13,8,5,5,1,2
E00016864,356,18,27,21,16,10,28,35,38,25,22,38,41,17,7,8,1,2,2
E00016867,253,10,17,11,8,7,16,24,23,18,22,16,22,14,12,11,8,6,8
E00016869,190,11,11,13,8,4,7,19,16,17,12,8,13,5,8,12,9,9,8
E00016830,350,23,31,19,11,8,23,27,39,30,34,25,12,16,15,14,14,4,5
E00016839,288,22,24,15,8,6,14,27,38,49,25,9,16,13,6,6,5,3,2
E00016845,284,16,11,13,17,10,19,33,20,26,29,31,18,14,7,5,4,6,5
E00016872,377,30,33,28,20,20,15,18,37,49,30,29,21,15,16,7,4,3,2
E00016873,392,32,33,37,23,19,25,39,38,38,25,22,10,22,12,12,5,0,0
E00016838,291,29,35,24,21,15,16,19,23,24,18,24,18,4,5,8,5,3,0
E00016840,387,29,29,29,25,17,20,23,28,32,23,33,25,23,12,13,10,8,8
E00016847,266,24,26,30,13,16,13,23,16,20,15,23,16,15,2,3,6,1,4
E00016852,232,11,7,14,12,14,16,13,21,24,18,20,18,10,9,11,6,5,3
E00016858,255,21,25,30,22,12,11,19,21,11,16,18,12,7,5,10,6,6,3
E00016874,281,24,15,13,10,10,24,20,29,12,11,17,21,12,7,15,13,15,13
E00016826,389,13,14,29,28,24,29,34,29,28,23,29,28,13,16,7,10,10,25
E00016831,293,19,23,16,23,18,19,25,31,23,22,17,16,11,3,11,7,4,5
E00016832,219,9,14,14,6,15,9,16,10,13,13,11,15,12,13,6,9,8,26
E00016833,362,17,22,25,15,13,24,24,34,27,28,22,31,16,19,21,12,8,4
E00016875,274,19,15,7,20,22,16,22,20,19,20,23,26,10,9,13,7,6,0
E00016828,251,23,11,19,13,6,10,22,40,24,17,25,12,10,8,4,2,5,0
E00016850,284,14,8,23,12,16,15,25,37,20,22,23,19,22,13,4,5,6,0
E00016854,282,19,16,16,16,6,11,20,36,21,25,31,15,20,2,11,5,6,6
E00016855,197,18,5,6,9,3,11,23,28,20,22,19,10,8,7,3,4,1,0
E00016857,277,18,6,19,15,11,22,24,36,22,18,22,23,11,10,10,4,4,2
E00016878,320,15,16,24,19,12,14,27,36,29,12,27,16,21,23,12,9,4,4
E00016835,299,20,16,15,9,20,16,26,35,29,26,17,21,16,18,5,5,4,1
E00016837,301,32,20,16,8,8,13,36,38,37,25,18,11,6,11,8,5,4,5
E00016846,339,28,27,10,14,8,28,36,41,49,22,16,20,8,15,9,2,4,2
E00016849,233,13,13,10,11,11,27,18,33,28,17,12,13,11,11,2,0,2,1
E00016865,415,26,26,23,25,24,49,31,37,35,25,27,18,24,17,13,7,2,6
E00016827,336,19,20,27,4,12,15,41,34,30,37,39,17,11,9,4,3,6,8
E00016834,489,33,42,43,22,29,44,43,33,42,37,35,21,26,16,8,11,3,1
E00016842,298,39,35,30,8,11,15,29,27,19,13,21,16,17,6,6,6,0,0
E00016856,379,18,29,23,9,8,35,59,51,48,24,29,14,12,8,5,2,0,5
E00016876,232,17,7,14,6,8,17,30,15,18,9,27,7,12,12,12,8,6,7
E00016877,185,16,10,9,4,6,9,19,23,17,12,18,11,7,7,7,4,4,2
E00016825,274,18,22,16,24,10,23,24,24,23,21,20,22,7,7,2,1,4,6
E00016836,291,9,21,23,19,10,16,18,15,29,16,17,14,10,21,29,7,10,7
E00016841,292,19,16,27,17,16,19,23,20,23,29,15,25,14,11,8,3,3,4
E00016844,243,15,10,8,12,7,16,16,18,14,27,17,15,18,17,15,3,5,10
E00016853,321,18,31,24,20,11,27,24,23,24,26,26,21,12,11,10,4,5,4
E00016905,281,25,15,17,15,22,26,23,21,17,18,24,25,13,8,6,3,3,0
E00016907,334,21,20,38,19,20,23,30,32,25,19,18,31,21,6,3,3,2,3
E00016908,193,8,11,11,16,13,3,19,10,11,21,10,14,15,8,6,6,7,4
E00016910,385,22,26,46,33,21,14,34,26,27,29,27,24,18,12,10,3,7,6
E00016912,273,10,24,30,17,19,11,19,20,23,20,21,17,19,10,3,2,6,2
E00016909,440,43,50,41,12,24,19,59,34,34,29,21,29,10,12,10,8,0,5
E00016911,372,23,37,34,22,19,18,57,24,32,19,23,22,9,7,7,10,5,4
E00016913,486,41,52,32,21,35,25,72,24,32,39,26,27,18,18,3,12,1,8
E00016914,319,31,40,16,11,18,18,46,21,25,17,23,26,14,5,3,3,1,1
E00016881,377,25,24,23,9,19,41,48,40,29,26,17,22,21,12,6,5,8,2
E00016915,316,18,13,21,12,25,30,44,33,18,39,22,15,8,12,5,1,0,0
E00016916,394,24,30,24,27,37,37,25,36,29,22,25,25,25,4,4,6,8,6
E00016920,293,12,20,29,8,14,21,18,19,23,15,16,13,26,10,20,12,11,6
E00173950,488,30,25,25,23,44,68,56,38,41,43,23,26,16,13,9,3,3,2
E00173951,218,13,11,10,15,19,20,15,19,13,12,12,20,8,2,4,13,9,3
E00016921,288,9,20,21,17,20,33,28,19,17,22,24,11,20,9,5,7,1,5
E00016922,312,14,9,13,11,27,41,40,16,15,17,22,12,28,12,12,8,9,6
E00016923,372,13,19,17,17,31,67,51,23,22,26,24,18,11,12,3,11,3,4
E00016925,430,22,16,17,10,30,81,61,32,31,34,29,22,14,8,14,5,2,2
E00016926,346,18,37,24,15,25,41,31,18,16,23,23,16,21,15,9,3,6,5
E00016917,500,16,14,18,15,94,84,60,45,23,33,25,20,20,13,14,2,1,3
E00016918,393,13,12,10,4,56,107,73,41,20,18,13,8,4,7,3,0,3,1
E00016919,318,18,12,11,13,42,40,39,27,24,19,18,14,12,11,7,5,3,3
E00016924,401,24,9,16,13,40,61,51,47,32,21,20,21,12,12,10,1,7,4
E00016927,309,8,18,13,10,20,51,48,23,24,14,20,18,17,12,6,2,3,2
E00016879,416,26,20,23,18,33,50,40,37,28,18,31,34,20,17,9,5,0,7
E00016884,344,20,21,27,20,27,22,29,28,19,26,21,30,23,10,5,10,4,2
E00016886,385,28,27,17,9,27,43,67,42,31,33,16,16,13,6,4,2,3,1
E00016893,325,8,18,24,10,29,30,42,27,27,18,11,28,16,18,5,7,4,3
E00016896,281,26,15,9,6,9,35,48,30,25,23,20,16,10,3,3,1,1,1
E00016898,288,26,19,13,5,9,30,43,39,21,14,18,18,7,7,7,1,5,6
E00016900,357,39,18,10,5,13,33,59,53,23,28,21,11,12,7,5,2,5,13
E00016901,222,24,16,11,11,10,19,39,25,13,13,18,7,3,5,4,1,2,1
E00016904,277,20,18,17,10,12,20,50,28,17,24,22,14,11,6,4,3,1,0
E00016906,310,28,24,18,9,4,26,35,40,21,25,27,17,12,6,9,2,4,3
E00016885,311,21,15,11,10,21,38,32,23,28,23,18,20,19,15,5,5,5,2
E00016887,251,16,20,15,8,8,30,25,11,20,19,16,15,12,14,14,5,0,3
E00016889,331,23,22,17,10,21,40,16,24,37,26,22,19,13,18,8,3,4,8
E00016890,312,20,24,20,14,16,31,38,29,24,26,18,10,11,15,8,3,2,3
E00016895,323,33,17,12,10,18,31,34,30,30,30,12,14,23,12,10,5,1,1
E00016883,393,14,18,15,20,40,41,67,35,28,19,30,21,19,15,4,4,3,0
E00016888,342,16,11,18,21,32,23,35,21,24,22,29,34,16,16,9,5,4,6
E00016891,429,25,13,15,15,49,47,60,43,50,20,22,27,18,7,6,5,2,5
E00016892,324,15,17,13,12,28,33,51,30,26,23,17,26,13,10,5,5,0,0
E00016894,318,14,16,17,10,33,29,53,20,21,20,29,16,15,14,6,0,4,1
E00016880,559,40,44,42,26,55,49,63,45,48,30,32,23,19,18,12,8,1,4
E00016897,529,25,25,17,11,31,83,105,52,50,43,23,19,18,7,8,5,4,3
E00016899,251,11,14,13,5,9,22,37,37,28,18,11,10,12,6,12,5,0,1
E00016902,353,34,24,14,11,31,36,56,36,32,11,16,20,9,11,2,2,5,3
E00016903,402,30,24,9,8,35,56,71,53,35,15,18,10,13,13,6,3,1,2
E00016930,586,37,38,44,33,43,31,37,37,42,37,47,47,42,21,16,12,15,7
E00016946,470,29,28,41,28,28,26,32,43,27,28,43,37,28,16,7,10,7,12
E00016952,260,18,15,17,14,16,10,16,17,19,17,19,20,25,18,4,6,3,6
E00016964,323,18,26,25,22,16,13,19,25,25,31,19,19,15,8,6,14,6,16
E00016948,439,39,38,48,39,28,23,37,36,29,25,25,23,17,8,5,3,8,8
E00016949,418,27,42,53,28,21,20,28,34,42,30,27,19,10,9,8,3,7,10
E00016951,335,29,29,38,29,19,24,27,19,16,25,19,25,17,8,4,3,1,3
E00016955,369,29,36,46,27,10,18,24,35,34,25,15,16,18,8,12,8,5,3
E00016956,297,12,26,37,26,14,14,25,21,25,15,14,18,16,12,7,1,3,11
E00016950,311,22,15,15,23,19,12,27,21,23,28,23,23,17,6,12,10,9,6
E00016967,437,31,43,30,25,22,19,42,45,30,24,36,31,19,14,7,5,11,3
E00016968,300,11,30,27,16,18,11,13,31,22,22,18,21,18,17,7,3,7,8
E00016969,337,20,19,44,27,15,14,17,25,32,20,19,23,16,24,8,3,3,8
E00016971,300,20,20,26,29,16,12,18,23,21,11,32,24,19,8,13,4,3,1
E00016929,358,22,23,38,26,16,19,29,41,25,27,19,24,10,9,5,8,11,6
E00016931,287,25,25,32,13,15,12,22,33,30,26,16,18,6,5,2,2,0,5
E00016932,395,28,35,39,30,32,29,27,25,34,37,24,15,13,7,5,9,4,2
E00016954,340,18,38,37,34,21,18,25,45,21,26,17,19,11,1,2,4,3,0
E00016961,277,19,23,25,23,11,10,19,23,28,26,15,20,11,6,6,3,6,3
E00016928,439,24,21,42,42,41,30,32,23,38,28,39,28,23,12,5,5,2,4
E00016947,149,6,3,10,9,10,7,6,12,14,12,11,13,11,5,12,1,0,7
E00016958,359,19,23,40,26,26,24,11,20,33,27,44,19,15,15,9,2,2,4
E00016963,313,20,17,16,24,24,16,17,23,16,20,35,18,16,18,13,6,6,8
E00016933,553,40,46,58,36,26,24,41,46,40,34,45,37,31,20,10,7,5,7
E00016953,268,20,24,21,15,11,18,18,12,14,14,19,16,12,17,5,11,8,13
E00016957,293,24,18,29,28,16,16,15,21,22,22,23,21,13,4,6,8,1,6
E00016960,243,21,15,20,10,5,9,14,26,12,13,20,15,13,10,12,11,9,8
E00016966,198,8,12,22,13,10,11,14,14,13,23,19,15,4,3,6,2,3,6
E00016937,477,30,30,31,27,21,32,31,24,26,34,31,39,24,27,24,17,11,18
E00016959,332,13,20,20,20,19,15,20,14,23,34,20,27,18,16,20,9,8,16
E00016962,486,32,46,53,29,23,24,35,31,33,45,36,28,21,17,7,9,9,8
E00016965,383,31,26,27,26,18,26,35,41,29,27,30,24,13,10,9,4,4,3
E00016970,719,59,75,51,45,32,67,71,67,47,62,42,32,29,18,7,7,4,4
E00016934,409,22,20,29,25,28,26,26,32,34,22,26,36,25,16,17,10,12,3
E00016935,431,23,30,36,32,24,14,28,34,40,23,24,34,28,16,20,13,8,4
E00016936,337,16,27,23,31,20,16,12,21,34,24,21,26,21,17,11,11,4,2
E00016938,294,11,16,32,25,16,13,11,23,23,27,23,18,13,8,13,12,6,4
E00016939,347,19,28,26,29,12,18,20,23,47,17,20,27,21,14,11,4,5,6
E00016940,328,23,22,31,24,17,18,23,35,35,25,18,14,14,7,7,5,5,5
E00016941,441,37,27,28,36,18,32,34,44,34,15,27,48,25,9,8,8,4,7
E00016942,346,27,23,19,26,17,28,31,31,20,23,24,39,7,10,10,3,2,6
E00016943,267,26,18,23,11,12,20,31,41,21,13,15,13,10,7,4,1,1,0
E00016944,374,31,15,30,29,25,21,22,39,23,26,35,31,15,5,14,7,3,3
E00016945,257,33,12,18,12,13,15,32,35,24,17,13,18,9,3,0,2,0,1
E00016356,360,27,22,33,31,15,21,27,30,21,27,33,24,17,6,13,3,7,3
E00016387,334,21,21,35,25,19,19,25,23,26,23,25,25,16,7,7,6,9,2
E00016393,321,16,19,36,24,20,16,12,21,20,25,30,26,12,10,5,7,16,6
E00165790,324,26,26,33,21,13,18,29,29,24,27,20,19,11,3,7,6,11,1
E00016362,438,28,37,57,29,17,19,25,57,32,28,39,18,9,17,11,2,6,7
E00016364,342,31,19,33,25,11,17,17,42,22,24,23,25,16,18,4,3,6,6
E00016365,236,17,18,18,8,6,8,16,29,17,11,17,11,13,17,10,6,2,12
E00016394,353,23,20,45,28,12,15,11,35,33,25,27,29,14,11,7,4,6,8
E00165789,260,12,5,19,19,13,11,11,19,19,23,18,21,22,13,13,6,5,11
E00016696,254,7,13,19,11,18,29,29,29,16,23,13,23,12,6,2,2,1,1
E00016698,492,31,18,17,15,47,94,85,47,30,25,30,23,17,7,1,4,0,1
E00016703,326,28,26,28,19,28,36,27,21,15,25,22,20,13,7,1,5,2,3
E00016713,478,26,19,28,14,25,66,54,56,43,52,35,29,14,12,0,4,0,1
E00165804,398,31,14,13,17,29,62,76,43,26,17,18,16,21,11,0,1,1,2
E00016668,240,16,9,5,10,9,11,18,28,26,20,18,21,17,11,5,7,5,4
E00016670,336,14,19,16,30,12,25,27,26,33,25,26,31,16,6,10,11,3,6
E00016671,160,10,11,3,12,3,10,12,12,12,8,15,22,9,6,6,1,4,4
E00016672,401,37,25,11,15,18,33,45,38,32,22,18,29,23,21,17,4,7,6
E00173708,202,13,16,5,1,8,17,33,50,22,14,6,5,2,2,3,3,0,2
E00173710,496,39,29,26,36,15,41,72,52,43,40,33,35,11,7,5,6,5,1
E00016661,316,14,10,14,12,9,20,36,47,33,30,17,21,14,9,4,13,10,3
E00173936,285,15,21,26,23,24,27,19,21,32,23,21,17,6,4,1,4,1,0
E00173937,221,18,13,2,0,5,33,61,44,22,9,5,3,2,0,0,4,0,0
E00173938,363,25,10,10,7,16,50,88,57,40,29,15,6,6,2,1,1,0,0
E00174035,241,30,6,5,2,3,33,65,52,28,7,5,3,0,1,0,0,0,1
E00016212,324,21,23,19,20,31,31,53,21,12,17,23,17,13,12,2,3,4,2
E00016249,243,9,18,9,8,25,17,31,10,10,10,22,8,11,20,10,14,7,4
E00016254,304,15,13,12,18,33,21,34,29,14,17,23,28,16,17,5,2,3,4
E00173952,243,15,18,21,8,24,24,20,9,13,16,14,13,19,10,2,7,6,4
E00174016,249,23,8,10,17,25,17,35,18,10,14,18,14,8,4,4,11,12,1
E00174022,241,15,13,8,4,19,22,41,29,12,18,15,9,9,12,9,4,2,0
E00174008,281,14,3,0,9,16,38,58,67,32,15,9,5,2,3,8,1,0,1
E00174010,287,16,2,1,2,35,59,66,51,24,8,7,5,1,1,1,1,6,1
E00174013,265,9,3,0,3,12,71,60,44,20,18,9,9,0,2,0,1,2,2
E00174015,328,18,7,3,15,42,46,50,58,30,18,16,16,1,4,0,0,3,1
E00174025,254,6,4,0,2,21,51,47,52,43,15,5,5,0,1,0,1,1,0
E00174027,201,13,1,4,0,3,34,46,42,25,16,8,4,0,2,1,0,2,0
E00016628,376,25,16,12,10,17,49,57,50,35,31,20,12,9,14,9,3,4,3
E00016637,750,43,22,23,16,44,162,142,84,42,42,31,19,13,16,16,5,18,12
E00174024,461,28,27,17,7,21,91,98,56,34,31,17,10,9,11,4,0,0,0
E00174029,264,13,7,4,5,17,47,48,25,21,17,14,14,8,12,3,6,2,1
E00174030,226,12,6,12,3,13,24,37,23,23,19,17,17,5,8,2,0,3,2
E00016644,625,64,92,56,41,25,43,58,60,51,35,33,24,22,10,3,1,4,3
E00016645,325,28,7,20,22,16,22,45,25,17,22,20,21,16,19,12,6,2,5
E00016646,361,32,27,23,15,16,38,39,33,35,20,29,17,11,8,8,4,3,3
