LSOA11CD,Total,"1. Managers, directors and senior officials",11. Corporate managers and directors,111. Chief Executives and Senior Officials,112. Production Managers and Directors,113. Functional Managers and Directors,115. Financial Institution Managers and Directors,116. Managers and Directors in Transport and Logistics,117. Senior Officers in Protective Services,118. Health and Social Services Managers and Directors,119. Managers and Directors in Retail and Wholesale,12. Other managers and proprietors,121. Managers and Proprietors in Agriculture Related Services,122. Managers and Proprietors in Hospitality and Leisure Services,124. Managers and Proprietors in Health and Care Services,125. Managers and Proprietors in Other Services,2. Professional occupations,"21. Science research, engineering and technology professionals",211. Natural and Social Science Professionals,212. Engineering Professionals,213. Information Technology and Telecommunications Professionals,214. Conservation and Environment Professionals,215. Research and Development Managers,22. Health professionals,221. Health Professionals,222. Therapy Professionals,223. Nursing and Midwifery Professionals,23. Teaching and educational professionals,231. Teaching and Educational Professionals,"24. Business, media and public service professionals",241. Legal Professionals,242. Research and Administrative Professionals,"243. Architects, Town Planners and Surveyors",244. Welfare Professionals,245. Librarians and Related Professionals,246. Quality and Regulatory Professionals,247. Media Professionals,3. Associate professional and technical occupations,"31. Science, engineering and technology associate professionals","311. Science, Engineering and Production Technicians",312. Draughtspersons and Related Architectural Technicians,313. Information Technology Technicians,32. Health and social care associate professionals,321. Health Associate Professionals,323. Welfare and Housing Associate Professionals,33. Protective Service Occupations,331. Protective Service Occupations,"34. Culture, media and sports occupations","341. Artistic, Literary and Media Occupations",342. Design Occupations,344. Sports and Fitness Occupations,35. Business and public service associate professionals,351. Transport Associate Professionals,352. Legal Associate Professionals,"353. Business, Finance and Related Associate Professionals","354. Sales, Marketing and Related Associate Professionals",355. Conservation and Environmental associate professionals,356. Public Services and Other Associate Professionals,4. Administrative and secretarial occupations,41. Administrative occupations,411. Government and Related Organisations,412. Finance,413. Records,415. Other Administrative Occupations,416. Office Managers and Supervisors,42. Secretarial and related occupations,421. Secretarial and Related Occupations,5. Skilled trades occupations,51. Skilled agricultural and related trades,511. Agricultural and Related Trades,"52. Skilled metal, electrical and electronic trades","521. Metal Forming, Welding and Related Trades","522. Metal Machining, Fitting and Instrument Making Trades",523. Vehicle Trades,524. Electrical and Electronic Trades,"525. Skilled Metal, Electrical and Electronic Trades Supervisors",53. Skilled construction and building trades,531. Construction and Building Trades,532. Building Finishing Trades,533. Construction and Building Trades Supervisors,"54. Textiles, printing and other skilled trades",541. Textiles and Garments Trades,542. Printing Trades,543. Food Preparation and Hospitality Trades,544. Other Skilled Trades,"6. Caring, leisure and other service occupations",61. Caring personal service occupations,612. Childcare and Related Personal Services,613. Animal Care and Control Services,614. Caring Personal Services,"62. Leisure, travel and related personal service occupations",621. Leisure and Travel Services,622. Hairdressers and Related Services,623. Housekeeping and Related Services,624. Cleaning and Housekeeping Managers and Supervisors,7. Sales and customer service occupations,71. Sales occupations,711. Sales Assistants and Retail Cashiers,712. Sales Related Occupations,713. Sales Supervisors,72. Customer service occupations,721. Customer Service Occupations,722. Customer Service Managers and Supervisors,"8. Process, plant and machine operatives","81. Process, plant and machine operatives",811. Process Operatives,812. Plant and Machine Operatives,813. Assemblers and Routine Operatives,814. Construction Operatives,82. Transport and mobile machine drivers and operatives,821. Road Transport Drivers,822. Mobile Machine Drivers and Operatives,823. Other Drivers and Transport Operatives,9. Elementary occupations,91. Elementary trades and related occupations,911. Elementary Agricultural Occupations,912. Elementary Construction Occupations,913. Elementary Process Plant Occupations,92. Elementary administration and service occupations,921. Elementary Administration Occupations,923. Elementary Cleaning Occupations,924. Elementary Security Occupations,925. Elementary Sales Occupations,926. Elementary Storage Occupations,927. Other Elementary Services Occupations
E01003189,613,43,24,2,2,1,2,4,0,2,11,19,0,4,1,14,93,15,2,4,9,0,0,33,5,1,27,19,19,26,1,9,4,5,0,0,7,57,6,3,1,2,10,1,9,7,7,5,1,2,2,29,0,0,12,13,0,4,77,63,17,12,10,23,1,14,14,63,7,7,20,2,9,2,7,0,22,15,4,3,14,0,1,12,1,90,70,36,0,34,20,6,5,6,3,65,50,47,0,3,15,13,2,42,6,0,0,0,6,36,29,4,3,83,2,0,0,2,81,6,25,14,7,7,22
E01003190,791,57,31,0,5,10,2,3,0,5,6,26,0,13,0,13,93,18,0,2,15,1,0,26,5,2,19,27,27,22,1,14,2,2,0,0,3,119,14,8,1,5,16,3,13,5,5,30,24,4,2,54,1,1,16,11,0,25,87,68,14,25,14,11,4,19,19,95,5,5,19,2,4,5,8,0,37,23,14,0,34,1,1,30,2,135,114,51,0,63,21,11,4,5,1,77,59,52,2,5,18,14,4,34,10,0,4,2,4,24,17,3,4,94,21,0,18,3,73,9,23,8,5,2,26
E01003191,662,43,29,0,7,4,7,1,0,5,5,14,0,1,2,11,91,21,0,6,14,1,0,20,2,2,16,25,25,25,4,7,2,10,0,0,2,70,11,5,0,6,9,3,6,8,8,9,7,0,2,33,0,6,8,8,0,11,92,68,21,16,11,13,7,24,24,73,3,3,20,2,8,2,8,0,29,20,8,1,21,2,1,14,4,82,59,25,1,33,23,4,11,7,1,67,60,55,1,4,7,7,0,49,9,0,3,2,4,40,34,0,6,95,4,0,2,2,91,12,27,17,9,6,20
E01003192,656,30,21,0,2,4,4,3,0,0,8,9,0,3,1,5,91,18,2,2,12,0,2,34,5,0,29,17,17,22,4,4,2,7,1,2,2,60,5,4,0,1,9,0,9,7,7,12,7,2,3,27,0,0,5,16,0,6,79,60,15,19,7,14,5,19,19,72,6,6,13,0,5,2,5,1,26,18,7,1,27,2,2,22,1,95,71,20,1,50,24,2,5,6,11,87,72,65,2,5,15,11,4,45,13,1,5,2,5,32,29,1,2,97,5,0,4,1,92,5,34,20,5,8,20
E01003193,706,64,32,1,5,6,3,3,0,5,9,32,0,9,3,20,130,20,2,4,13,0,1,27,4,1,22,34,34,49,11,18,3,5,1,1,10,73,3,0,1,2,4,0,4,7,7,21,14,4,3,38,0,2,8,12,0,16,97,73,12,22,12,24,3,24,24,80,1,1,29,0,5,8,16,0,31,24,6,1,19,3,1,15,0,91,66,27,0,39,25,6,9,7,3,44,31,23,4,4,13,10,3,50,22,1,3,3,15,28,23,2,3,77,2,0,2,0,75,7,23,17,3,6,19
E01003194,779,61,40,0,5,13,2,2,2,5,11,21,0,3,1,17,111,24,2,2,20,0,0,20,4,3,13,37,37,30,3,14,3,9,0,0,1,103,12,8,0,4,16,3,13,6,6,24,12,7,5,45,1,1,21,13,0,9,122,102,27,34,14,18,9,20,20,72,6,6,18,0,5,2,11,0,25,19,5,1,23,1,3,17,2,95,72,22,1,49,23,2,14,5,2,70,60,57,0,3,10,9,1,49,8,3,1,1,3,41,39,2,0,96,2,0,2,0,94,15,25,16,7,3,28
E01003195,754,60,36,1,4,11,6,2,0,3,9,24,0,10,1,13,170,26,3,6,15,1,1,40,10,2,28,43,43,61,8,26,5,13,1,1,7,97,17,5,2,10,19,1,18,5,5,19,15,2,2,37,0,4,10,11,0,12,120,84,21,20,11,27,5,36,36,70,5,5,21,3,2,7,8,1,25,15,10,0,19,2,4,11,2,71,51,31,1,19,20,5,7,4,4,67,51,36,7,8,16,16,0,42,12,1,2,3,6,30,27,3,0,57,0,0,0,0,57,7,13,7,2,1,27
E01003196,683,35,18,0,3,1,3,0,0,2,9,17,0,9,0,8,86,23,5,4,14,0,0,25,7,0,18,19,19,19,1,8,2,7,1,0,0,72,4,2,0,2,10,4,6,9,9,14,5,6,3,35,0,2,17,7,0,9,96,80,17,24,13,23,3,16,16,78,3,3,19,0,4,4,11,0,36,23,12,1,20,4,1,12,3,100,81,38,1,42,19,3,7,6,3,61,49,44,3,2,12,12,0,55,11,1,3,1,6,44,36,2,6,100,6,0,5,1,94,7,23,24,8,10,22
E01003197,656,45,22,0,5,4,1,0,0,1,11,23,0,8,2,13,83,17,1,7,8,0,1,22,1,3,18,12,12,32,3,14,1,12,0,1,1,70,13,1,1,11,14,4,10,4,4,11,8,1,2,28,0,1,12,6,0,9,76,60,22,14,4,16,4,16,16,56,6,6,19,1,4,2,12,0,16,13,3,0,15,1,1,11,2,84,71,29,1,41,13,5,4,3,1,87,75,68,3,4,12,12,0,49,17,3,4,0,10,32,29,0,3,106,8,0,6,2,98,14,25,21,5,10,23
E01003198,741,125,93,5,6,55,16,3,1,1,6,32,0,8,3,21,257,34,3,3,25,3,0,51,33,7,11,52,52,120,37,48,5,2,1,2,25,148,6,1,2,3,4,0,4,1,1,38,27,8,3,99,0,1,47,37,0,14,55,37,17,8,4,6,2,18,18,18,0,0,3,0,2,0,1,0,5,4,1,0,10,0,2,7,1,44,27,13,1,13,17,7,5,3,2,37,30,24,2,4,7,7,0,15,4,0,0,2,2,11,11,0,0,42,2,1,1,0,40,7,12,6,0,3,12
E01003199,1049,168,125,12,12,55,22,0,1,7,16,43,0,10,4,29,349,71,6,8,50,0,7,48,37,4,7,71,71,159,43,53,17,3,7,3,33,227,12,2,1,9,7,2,5,5,5,71,53,15,3,132,0,4,62,43,0,23,115,81,19,24,15,16,7,34,34,35,2,2,12,0,4,5,2,1,6,3,3,0,15,1,0,12,2,54,34,20,1,13,20,8,7,4,1,43,30,17,8,5,13,12,1,11,3,1,0,0,2,8,8,0,0,47,0,0,0,0,47,5,11,6,0,4,21
E01003200,959,157,113,6,9,52,30,4,0,5,7,44,0,10,0,34,351,49,6,8,32,1,2,70,43,15,12,56,56,176,35,66,22,4,2,9,38,240,9,4,1,4,12,6,6,5,5,61,45,13,3,153,0,5,87,42,0,19,75,49,10,10,9,16,4,26,26,30,2,2,3,0,2,1,0,0,8,5,3,0,17,0,1,14,2,22,18,9,0,9,4,3,0,1,0,38,33,26,3,4,5,3,2,14,8,0,2,2,4,6,5,1,0,32,3,0,2,1,29,3,5,6,0,0,15
E01003201,798,92,58,5,6,21,8,0,0,6,12,34,0,9,0,25,217,36,4,6,23,2,1,27,13,7,7,61,61,93,18,30,10,10,1,3,21,114,9,3,1,5,9,3,6,2,2,29,22,7,0,65,0,4,24,24,0,13,84,60,11,19,10,13,7,24,24,56,1,1,15,0,3,9,3,0,19,9,10,0,21,2,1,16,2,77,62,27,0,35,15,6,3,3,3,53,44,40,2,2,9,7,2,26,12,1,4,3,4,14,12,1,1,79,3,0,1,2,76,6,21,12,6,1,30
E01003202,920,143,97,2,12,52,19,1,0,3,8,46,0,20,4,22,343,77,6,21,41,4,5,56,37,5,14,70,70,140,20,67,16,4,3,4,26,204,8,5,1,2,10,4,6,3,3,58,39,15,4,125,1,5,58,42,0,19,109,70,15,23,9,15,8,39,39,26,0,0,5,0,1,0,3,1,7,6,1,0,14,0,1,10,3,33,19,12,1,6,14,7,4,2,1,27,21,12,7,2,6,5,1,12,5,0,1,3,1,7,6,0,1,23,2,0,1,1,21,1,3,2,0,1,14
E01003203,1021,88,65,5,10,28,8,3,0,1,10,23,0,13,0,10,299,73,8,19,46,0,0,47,20,6,21,53,53,126,15,59,13,8,2,3,26,206,14,3,1,10,13,2,11,15,15,55,40,9,6,109,0,5,43,37,0,24,129,95,24,21,14,22,14,34,34,45,5,5,7,1,2,0,4,0,12,8,4,0,21,2,3,12,4,83,48,16,0,32,35,18,3,9,5,44,34,26,3,5,10,7,3,29,9,3,0,2,4,20,13,4,3,98,9,0,6,3,89,3,27,19,2,4,34
E01003204,727,94,72,7,5,33,12,4,1,2,8,22,0,5,0,17,250,49,5,5,36,1,2,33,20,5,8,45,45,123,20,43,20,6,2,5,27,131,3,1,0,2,8,3,5,8,8,41,28,10,3,71,0,2,35,24,0,10,70,55,8,15,8,20,4,15,15,43,0,0,8,1,0,3,3,1,20,11,9,0,15,2,0,12,1,50,35,22,0,13,15,7,5,2,1,37,25,20,1,4,12,8,4,9,3,0,0,0,3,6,6,0,0,43,1,0,0,1,42,2,15,10,0,5,10
E01003205,460,28,17,1,2,8,2,0,0,0,4,11,0,3,0,8,91,16,1,3,10,1,1,24,5,1,18,18,18,33,4,13,3,6,3,1,3,46,3,1,0,2,6,1,5,0,0,12,8,3,1,25,0,1,10,6,0,8,57,41,14,12,5,8,2,16,16,30,0,0,1,0,0,0,1,0,8,3,5,0,21,1,0,19,1,61,34,12,1,21,27,3,16,7,1,46,34,29,5,0,12,11,1,31,17,0,14,0,3,14,13,0,1,70,5,0,3,2,65,3,17,10,2,6,27
E01003206,881,128,92,4,8,53,10,3,3,1,10,36,0,8,4,24,276,48,5,7,30,1,5,41,25,10,6,49,49,138,50,48,13,4,1,4,18,215,16,5,2,9,14,0,14,3,3,65,50,15,0,117,0,4,70,30,0,13,74,52,10,14,3,15,10,22,22,54,5,5,25,1,1,16,7,0,11,10,1,0,13,1,3,7,2,35,17,10,1,6,18,11,2,3,2,40,38,33,4,1,2,2,0,17,4,1,0,1,2,13,12,0,1,42,3,0,2,1,39,1,7,10,0,4,17
E01003207,646,36,21,1,5,2,1,1,0,3,8,15,0,7,0,8,101,17,2,2,13,0,0,24,0,2,22,33,33,27,1,11,0,8,0,1,6,80,13,4,1,8,10,2,8,1,1,29,20,6,3,27,0,2,11,10,0,4,69,54,12,19,10,10,3,15,15,51,0,0,5,0,2,2,1,0,19,12,5,2,27,3,1,23,0,76,46,20,0,26,30,3,12,9,6,64,47,42,2,3,17,13,4,50,11,1,4,3,3,39,33,2,4,119,3,0,1,2,116,6,29,23,2,5,51
E01003209,1038,106,56,1,3,18,7,2,0,2,23,50,0,9,5,36,149,29,1,6,20,0,2,27,6,1,20,40,40,53,4,16,4,9,3,2,15,175,9,2,3,4,19,3,16,1,1,94,70,21,3,52,1,3,11,27,0,10,137,116,22,37,29,20,8,21,21,55,3,3,20,2,4,7,7,0,14,9,5,0,18,0,2,15,1,113,61,28,1,32,52,17,6,9,20,124,102,92,5,5,22,20,2,32,10,0,4,2,4,22,22,0,0,147,5,1,4,0,142,12,43,23,1,2,61
E01003210,1064,108,67,1,3,33,5,5,0,4,16,41,0,15,2,24,283,62,8,12,38,1,3,24,14,1,9,81,81,116,15,34,21,10,6,6,24,258,25,7,7,11,6,2,4,5,5,129,94,29,6,93,0,2,30,31,0,30,93,77,17,18,11,25,6,16,16,68,2,2,17,0,4,2,10,1,21,14,6,1,28,4,1,18,5,83,52,27,2,23,31,12,12,4,3,65,45,38,3,4,20,17,3,12,4,1,2,0,1,8,7,1,0,94,3,1,0,2,91,6,27,13,1,4,40
E01003211,979,104,68,1,12,28,7,1,0,3,16,36,0,8,2,26,309,47,8,7,32,0,0,35,14,5,16,87,87,140,26,45,18,9,5,2,35,224,19,6,6,7,13,5,8,6,6,94,73,19,2,92,0,5,30,45,0,12,101,73,17,21,5,20,10,28,28,42,3,3,11,2,1,2,6,0,13,11,2,0,15,1,3,10,1,76,50,23,1,26,26,9,7,4,6,41,30,26,3,1,11,10,1,11,4,0,0,3,1,7,7,0,0,71,3,1,0,2,68,6,17,7,1,8,29
E01003212,1131,119,64,2,10,25,4,3,0,5,15,55,0,17,3,35,256,44,4,6,31,2,1,35,16,7,12,77,77,100,15,25,12,17,4,3,24,227,11,5,3,3,17,3,14,3,3,129,93,31,5,67,2,4,20,24,0,17,133,89,24,11,21,24,9,44,44,83,4,4,18,0,5,2,10,1,25,17,6,2,36,0,2,25,9,102,64,26,1,37,38,14,13,5,6,64,47,36,6,5,17,15,2,33,13,5,4,1,3,20,19,1,0,114,3,0,3,0,111,14,20,20,5,4,48
E01003213,1127,142,86,8,6,38,10,5,0,7,12,56,0,22,4,30,315,55,5,6,35,5,4,26,9,7,10,80,80,154,14,53,19,13,3,4,48,250,14,3,0,11,16,3,13,3,3,129,92,35,2,88,1,5,25,37,0,20,109,75,25,13,12,19,6,34,34,61,3,3,9,0,3,0,5,1,20,15,5,0,29,0,0,26,3,90,63,24,0,39,27,12,7,7,1,53,41,35,6,0,12,10,2,26,8,1,2,1,4,18,16,1,1,81,5,0,3,2,76,5,13,11,1,6,40
E01003214,921,74,39,2,6,19,6,1,0,1,4,35,0,16,0,19,204,27,4,3,20,0,0,25,6,4,15,74,74,78,10,24,10,13,1,3,17,174,13,5,1,7,20,3,17,1,1,81,59,18,4,59,0,2,16,30,0,11,115,88,22,18,12,33,3,27,27,82,4,4,13,1,2,4,6,0,27,20,6,1,38,0,2,31,5,78,58,25,0,33,20,10,7,2,1,58,42,36,4,2,16,12,4,31,17,2,3,3,9,14,12,2,0,105,6,1,4,1,99,10,27,12,5,11,34
E01003215,986,72,42,1,8,5,2,1,0,3,22,30,0,9,0,21,177,27,2,4,21,0,0,21,4,2,15,43,43,86,3,46,7,4,12,2,12,226,19,16,2,1,8,1,7,1,1,118,101,15,2,80,1,0,24,39,0,16,90,60,7,14,13,21,5,30,30,76,4,4,18,0,1,1,16,0,20,14,6,0,34,2,1,29,2,101,71,19,11,41,30,8,16,3,3,87,73,67,3,3,14,12,2,19,4,0,1,1,2,15,13,1,1,138,2,0,1,1,136,9,21,9,1,4,92
E01003216,905,94,47,6,2,12,2,1,0,8,16,47,0,19,3,25,187,33,3,6,22,0,2,32,9,4,19,57,57,65,9,20,8,13,2,3,10,128,10,1,1,8,20,5,15,7,7,24,13,3,8,67,0,2,31,20,0,14,119,90,24,19,11,28,8,29,29,73,2,2,21,2,6,2,11,0,29,21,8,0,21,3,0,15,3,85,66,22,0,44,19,7,8,3,1,109,83,75,1,7,26,23,3,30,9,0,3,1,5,21,19,1,1,80,3,0,2,1,77,12,17,11,1,6,30
E01003217,799,77,42,3,7,11,3,4,1,8,5,35,0,8,2,25,163,31,3,9,19,0,0,39,3,2,34,42,42,51,10,15,4,14,2,2,4,113,20,6,3,11,10,0,10,4,4,25,17,5,3,54,1,3,14,19,0,17,126,86,27,23,10,24,2,40,40,81,0,0,18,1,5,4,8,0,33,20,11,2,30,1,2,26,1,67,50,25,1,24,17,7,3,6,1,72,60,55,2,3,12,10,2,36,13,0,4,2,7,23,21,1,1,64,1,0,0,1,63,9,17,10,1,6,20
E01003218,748,66,38,0,4,11,7,5,1,4,6,28,0,8,1,19,186,22,2,5,14,1,0,41,12,7,22,65,65,58,2,28,4,9,2,3,10,94,7,3,0,4,20,2,18,5,5,18,11,6,1,44,0,0,15,15,0,14,113,84,24,24,7,22,7,29,29,65,3,3,22,0,3,3,16,0,20,12,3,5,20,3,0,17,0,76,60,32,2,26,16,1,7,6,2,61,54,47,4,3,7,7,0,38,13,1,4,3,5,25,21,0,4,49,3,0,2,1,46,11,12,6,1,3,13
E01003219,817,73,49,2,8,21,1,0,1,3,13,24,1,5,1,17,147,27,3,6,13,2,3,34,6,1,27,41,41,45,5,13,5,12,2,3,5,113,14,5,0,9,19,3,16,4,4,28,16,5,7,48,0,4,17,19,1,7,129,94,24,26,10,26,8,35,35,74,5,5,24,0,5,5,14,0,25,12,12,1,20,0,1,19,0,87,70,30,2,38,17,4,7,6,0,74,60,48,3,9,14,9,5,48,8,3,2,0,3,40,32,4,4,72,7,1,3,3,65,5,14,13,6,6,21
E01003220,773,72,41,2,6,15,2,0,0,9,7,31,0,10,4,17,201,60,8,6,46,0,0,39,3,3,33,43,43,59,3,22,4,10,4,2,14,111,17,8,1,8,13,3,10,3,3,18,16,2,0,60,0,2,21,15,0,22,85,66,11,21,12,19,3,19,19,60,5,5,17,1,4,2,10,0,25,18,5,2,13,1,0,12,0,74,57,27,2,28,17,5,7,4,1,71,58,52,5,1,13,12,1,31,10,2,0,1,7,21,19,2,0,68,1,0,1,0,67,13,18,14,0,4,18
E01003221,882,101,64,3,11,14,3,3,0,12,18,37,0,11,2,24,200,34,6,10,16,0,2,36,9,1,26,65,65,65,9,24,15,12,2,0,3,123,15,4,1,10,12,3,9,10,10,31,22,8,1,55,1,6,15,20,0,13,110,84,22,29,7,21,5,26,26,64,5,5,15,0,4,1,10,0,19,12,4,3,25,2,2,21,0,83,61,34,0,27,22,6,4,8,4,80,54,46,4,4,26,23,3,33,8,1,5,2,0,25,22,1,2,88,1,0,0,1,87,7,28,16,2,4,30
E01003222,755,87,56,1,9,14,3,3,1,11,14,31,0,6,2,23,166,15,1,4,9,0,1,32,9,0,23,63,63,56,2,26,6,15,0,1,6,88,2,0,0,2,19,2,17,6,6,15,12,1,2,46,0,4,17,10,0,15,102,77,16,18,12,26,5,25,25,63,5,5,16,2,4,4,6,0,26,19,7,0,16,0,0,12,4,71,56,23,0,33,15,4,6,4,1,74,57,54,1,2,17,15,2,40,14,0,8,2,4,26,25,0,1,64,6,2,3,1,58,4,11,21,0,2,20
E01003223,823,67,34,1,3,8,3,3,0,6,10,33,0,7,2,24,194,44,7,9,27,0,1,42,12,1,29,39,39,69,14,27,10,8,0,4,6,101,13,5,1,7,7,0,7,6,6,22,15,4,3,53,0,3,23,18,0,9,105,77,21,31,6,16,3,28,28,95,1,1,30,0,5,4,21,0,33,23,10,0,31,0,1,26,4,70,47,29,0,18,23,10,6,5,2,74,58,53,2,3,16,14,2,47,14,2,3,3,6,33,27,5,1,70,3,0,3,0,67,12,17,12,2,4,20
E01003224,825,71,43,0,7,10,1,4,0,14,7,28,0,15,4,9,182,33,1,9,23,0,0,31,8,0,23,56,56,62,6,26,7,14,0,1,8,116,4,1,0,3,15,1,14,7,7,33,19,9,5,57,0,4,15,17,1,20,122,81,23,19,16,18,5,41,41,65,5,5,19,0,3,5,11,0,32,18,13,1,9,1,0,6,2,87,69,37,1,31,18,4,8,6,0,70,56,46,3,7,14,12,2,43,9,4,4,0,1,34,31,2,1,69,4,0,4,0,65,7,17,12,5,5,19
E01003225,839,101,55,3,7,23,4,0,0,8,10,46,0,6,4,36,216,26,5,5,15,1,0,34,12,3,19,60,60,96,9,42,6,16,0,1,22,152,17,6,4,7,13,4,9,4,4,66,42,16,8,52,0,1,23,21,0,7,106,81,17,17,18,22,7,25,25,59,1,1,17,0,1,6,10,0,16,13,2,1,25,2,4,13,6,65,43,26,2,15,22,10,5,4,3,48,39,30,5,4,9,8,1,27,8,2,1,0,5,19,13,2,4,65,6,1,3,2,59,5,17,14,2,0,21
E01003226,1019,123,70,4,9,33,4,2,0,2,16,53,0,15,4,34,276,47,6,6,32,1,2,51,19,4,28,67,67,111,17,41,10,10,1,1,31,199,26,1,2,23,17,6,11,9,9,78,55,19,4,69,0,1,18,38,0,12,111,85,22,21,14,18,10,26,26,75,5,5,15,1,0,4,9,1,21,14,5,2,34,6,1,21,6,73,50,30,2,18,23,13,6,2,2,51,45,41,1,3,6,5,1,29,4,2,1,0,1,25,19,5,1,82,5,0,3,2,77,5,19,10,2,1,40
E01003227,931,125,74,3,12,30,3,5,0,7,14,51,0,19,2,30,300,53,10,9,29,1,4,28,11,4,13,101,101,118,19,40,12,17,2,5,23,181,16,4,3,9,13,3,10,8,8,62,47,13,2,82,0,4,28,28,0,22,90,61,18,15,9,14,5,29,29,55,3,3,17,0,6,1,10,0,15,9,6,0,20,0,0,18,2,52,39,19,0,20,13,4,2,5,2,49,37,31,2,4,12,9,3,27,7,1,1,0,5,20,12,4,4,52,2,0,2,0,50,4,9,10,1,6,20
E01003228,888,110,69,0,11,29,9,3,0,7,10,41,0,12,3,26,309,44,7,2,27,4,4,36,13,4,19,59,59,170,25,70,13,7,1,6,48,194,17,7,3,7,9,3,6,2,2,75,65,10,0,91,0,2,25,50,0,14,98,72,18,18,10,19,7,26,26,45,4,4,17,2,1,3,11,0,15,12,3,0,9,1,2,5,1,42,31,19,0,12,11,4,5,1,1,29,26,22,3,1,3,3,0,16,2,0,0,0,2,14,13,1,0,45,1,0,1,0,44,5,6,12,4,1,16
E01003229,703,62,36,2,3,14,3,5,0,3,6,26,0,5,1,20,145,29,3,8,15,2,1,26,5,6,15,34,34,56,6,18,6,8,4,3,11,123,11,2,0,9,8,1,7,6,6,39,31,6,2,59,0,3,19,19,2,16,94,68,19,17,11,20,1,26,26,58,3,3,12,1,6,1,4,0,23,16,6,1,20,2,1,13,4,60,46,16,2,28,14,9,2,2,1,64,54,47,3,4,10,10,0,29,10,0,0,2,8,19,17,1,1,68,5,0,4,1,63,7,18,9,3,2,24
E01003230,996,107,77,4,8,41,6,5,1,4,8,30,0,7,4,19,223,51,6,11,33,0,1,44,12,9,23,55,55,73,11,25,13,12,2,3,7,173,13,3,2,8,19,6,13,10,10,66,49,14,3,65,0,4,17,24,0,20,130,92,18,24,16,26,8,38,38,77,3,3,15,2,1,2,9,1,36,26,9,1,23,1,2,19,1,83,67,22,2,43,16,7,3,4,2,71,47,38,5,4,24,21,3,44,17,1,7,0,9,27,24,1,2,88,2,0,1,1,86,12,25,13,4,7,25
E01003231,854,70,42,2,1,21,5,1,0,8,4,28,0,3,1,24,221,37,2,6,27,1,1,30,8,1,21,55,55,99,9,48,12,8,0,2,20,179,19,4,1,14,21,7,14,5,5,68,54,11,3,66,0,1,17,29,0,19,92,68,15,21,6,17,9,24,24,70,3,3,10,1,1,2,6,0,15,12,2,1,42,2,0,37,3,67,52,31,0,21,15,3,9,3,0,48,31,22,2,7,17,17,0,35,9,3,0,1,5,26,25,0,1,72,2,0,2,0,70,10,15,20,3,0,22
E01003232,887,91,61,0,8,26,10,0,0,6,11,30,1,15,2,12,230,49,4,19,22,2,2,45,19,8,18,69,69,67,11,24,9,6,1,4,12,155,26,9,4,13,9,5,4,4,4,50,41,2,7,66,0,2,23,26,0,15,118,86,22,29,8,14,13,32,32,76,6,6,16,2,3,0,11,0,30,21,8,1,24,4,1,18,1,80,57,34,0,23,23,5,10,7,1,45,42,37,2,3,3,2,1,32,11,1,1,2,7,21,18,1,2,60,3,0,1,2,57,15,13,5,4,2,18
E01003233,896,84,54,2,9,21,6,5,0,4,7,30,0,12,0,18,267,44,4,9,28,3,0,40,14,7,19,82,82,101,6,30,11,10,3,4,37,169,15,5,1,9,18,4,14,4,4,70,55,15,0,62,0,2,18,25,0,17,108,77,21,24,11,16,5,31,31,52,1,1,13,0,2,4,6,1,15,11,4,0,23,3,0,17,3,70,56,40,0,16,14,3,3,6,2,58,46,37,5,4,12,9,3,30,12,0,2,3,7,18,14,2,2,58,4,0,3,1,54,4,13,5,0,3,29
E01003235,573,67,45,0,13,15,4,1,0,3,9,22,0,6,2,14,88,15,1,6,8,0,0,19,6,1,12,17,17,37,9,17,4,2,0,2,3,68,4,1,0,3,8,1,7,12,12,13,7,2,4,31,0,2,14,8,0,7,76,54,11,21,7,14,1,22,22,69,1,1,23,2,2,4,14,1,28,19,7,2,17,2,1,12,2,66,48,22,0,26,18,5,10,3,0,60,51,49,1,1,9,8,1,23,9,1,3,2,3,14,14,0,0,56,7,1,5,1,49,8,9,6,5,6,15
E01003236,589,37,17,1,4,5,1,0,1,0,5,20,0,7,3,10,79,20,0,6,13,0,1,17,1,1,15,22,22,20,2,12,1,2,0,1,2,79,12,3,4,5,9,2,7,4,4,20,14,2,4,34,0,2,13,11,0,8,69,37,15,10,5,6,1,32,32,82,2,2,21,1,7,4,9,0,29,20,8,1,30,2,2,26,0,86,69,36,0,33,17,2,8,5,2,55,42,39,1,2,13,12,1,28,6,0,1,0,5,22,16,2,4,74,3,0,1,2,71,12,20,8,1,15,15
E01003237,589,42,20,0,3,0,2,1,1,2,11,22,0,8,0,14,88,18,2,5,11,0,0,33,5,1,27,20,20,17,2,6,2,3,0,2,2,60,9,6,0,3,7,2,5,7,7,16,11,0,5,21,0,4,7,7,0,3,69,54,8,13,10,17,6,15,15,74,5,5,23,2,7,5,8,1,25,16,9,0,21,2,3,16,0,77,67,28,0,39,10,1,4,2,3,65,54,49,2,3,11,10,1,40,7,2,2,1,2,33,28,1,4,74,2,0,1,1,72,6,27,15,5,7,12
E01003238,587,44,24,1,5,8,1,1,0,3,5,20,0,3,5,12,64,17,1,7,9,0,0,16,0,1,15,14,14,17,3,5,1,5,1,0,2,59,7,5,0,2,5,1,4,11,11,13,5,6,2,23,0,2,8,7,0,6,78,56,19,14,4,16,3,22,22,63,2,2,17,2,4,3,8,0,36,26,9,1,8,1,1,6,0,93,66,29,2,35,27,7,8,8,4,73,60,51,3,6,13,10,3,47,16,4,6,4,2,31,25,0,6,66,1,0,1,0,65,12,18,15,0,7,13
E01003239,596,40,21,1,0,5,2,1,1,3,8,19,1,7,2,9,76,16,0,5,8,1,2,22,4,1,17,18,18,20,2,10,1,5,1,0,1,55,4,3,0,1,14,0,14,4,4,8,6,0,2,25,0,2,9,7,0,7,85,66,20,17,9,14,6,19,19,71,2,2,24,1,6,10,7,0,36,26,7,3,9,2,1,5,1,100,75,36,2,37,25,3,9,8,5,49,44,39,3,2,5,5,0,41,11,1,4,0,6,30,26,1,3,79,5,0,4,1,74,10,25,11,7,4,17
E01003240,750,63,33,0,2,10,3,1,2,1,14,30,0,10,1,19,95,15,2,4,9,0,0,27,3,1,23,25,25,28,2,10,8,7,0,0,1,71,7,3,1,3,18,5,13,9,9,5,4,0,1,32,0,1,9,14,0,8,106,78,12,23,15,21,7,28,28,75,3,3,28,2,5,7,14,0,29,20,8,1,15,1,2,11,1,102,76,33,0,43,26,7,11,6,2,94,75,61,9,5,19,16,3,70,18,1,4,2,11,52,50,1,1,74,4,1,3,0,70,6,17,23,5,3,16
E01003241,632,57,28,1,5,7,0,1,0,3,11,29,1,11,1,16,97,19,2,3,11,1,2,27,6,1,20,22,22,29,1,11,3,8,0,2,4,71,5,1,0,4,11,5,6,2,2,17,11,3,3,36,0,1,14,14,0,7,98,75,16,26,10,17,6,23,23,71,1,1,29,2,6,8,13,0,28,21,5,2,13,1,0,12,0,63,48,13,0,35,15,3,9,3,0,65,55,44,5,6,10,7,3,49,12,0,3,3,6,37,35,0,2,61,6,1,2,3,55,3,12,11,8,3,18
E01003243,547,36,22,0,2,5,1,2,1,1,10,14,1,4,1,8,72,15,0,5,8,1,1,21,7,0,14,20,20,16,1,8,2,3,1,0,1,65,12,2,2,8,8,3,5,4,4,7,5,2,0,34,0,1,12,13,0,8,80,59,9,19,5,22,4,21,21,46,2,2,15,0,2,6,7,0,17,13,4,0,12,1,0,10,1,69,59,30,0,29,10,2,5,3,0,57,49,46,2,1,8,7,1,47,8,1,1,1,5,39,37,1,1,75,5,0,5,0,70,5,17,13,6,8,21
E01003244,621,32,15,0,6,3,1,2,0,1,2,17,0,6,2,9,88,28,7,4,17,0,0,27,4,1,22,7,7,26,5,13,1,5,1,0,1,64,7,4,0,3,8,2,6,2,2,10,7,2,1,37,0,2,11,13,0,11,58,49,9,22,8,8,2,9,9,60,2,2,7,0,2,1,2,2,15,8,7,0,36,2,2,28,4,105,69,24,0,45,36,6,16,7,7,50,40,38,1,1,10,10,0,44,13,2,4,1,6,31,27,1,3,120,10,0,3,7,110,12,32,21,5,5,35
E01003245,595,39,22,0,3,4,4,5,0,1,5,17,0,4,0,13,111,21,4,3,11,0,3,34,7,0,27,23,23,33,1,20,3,4,0,2,3,71,9,4,1,4,8,2,6,6,6,12,8,2,2,36,0,3,11,11,0,11,71,52,8,12,10,19,3,19,19,44,1,1,10,0,3,2,5,0,10,6,4,0,23,0,2,21,0,68,39,17,1,21,29,4,15,5,5,67,49,47,0,2,18,17,1,22,13,1,1,4,7,9,8,0,1,102,4,0,2,2,98,6,24,18,6,6,38
E01003246,647,48,32,0,2,10,4,3,0,2,11,16,0,7,1,8,106,33,2,1,27,2,1,18,7,1,10,21,21,34,1,9,8,9,0,2,5,91,7,2,2,3,13,4,9,3,3,20,11,4,5,48,0,0,16,20,1,11,62,49,10,12,6,19,2,13,13,62,2,2,16,0,6,5,5,0,13,5,8,0,31,0,2,28,1,68,47,15,0,32,21,7,8,6,0,66,55,49,4,2,11,11,0,23,6,1,2,1,2,17,13,2,2,121,7,0,3,4,114,8,32,24,5,6,39
E01003247,1077,114,67,2,6,17,13,4,1,5,19,47,1,23,1,22,228,80,4,10,66,0,0,28,15,3,10,32,32,88,9,43,6,7,1,3,19,172,13,4,3,6,8,3,5,7,7,44,34,10,0,100,0,14,32,38,1,15,111,71,7,25,13,22,4,40,40,82,4,4,20,1,3,3,13,0,23,19,4,0,35,1,0,33,1,77,32,20,0,12,45,14,7,9,15,70,54,46,5,3,16,14,2,44,15,3,8,2,2,29,27,1,1,179,9,2,2,5,170,10,26,13,3,5,113
E01003248,735,59,23,0,4,8,2,3,0,1,5,36,0,23,0,13,141,39,3,5,29,1,1,27,14,1,12,20,20,55,2,35,1,4,0,1,12,94,5,1,0,4,14,4,10,6,6,28,15,9,4,41,0,1,15,22,0,3,82,67,10,26,13,13,5,15,15,48,2,2,12,0,1,2,9,0,16,12,3,1,18,0,0,18,0,102,59,20,0,39,43,7,22,11,3,49,40,36,3,1,9,8,1,35,7,2,0,1,4,28,21,4,3,125,7,0,5,2,118,8,33,26,2,6,43
E01003249,1023,81,57,2,8,20,10,3,0,5,9,24,0,7,0,17,257,65,6,12,45,2,0,32,13,0,19,35,35,125,14,74,11,12,1,3,10,186,19,3,6,10,19,5,14,6,6,39,28,9,2,103,0,4,38,42,0,19,121,83,14,33,10,19,7,38,38,55,2,2,8,0,1,1,6,0,16,13,2,1,29,3,3,23,0,92,63,28,0,35,29,8,10,5,6,73,50,47,2,1,23,18,5,48,17,1,5,5,6,31,27,2,2,110,3,0,1,2,107,8,27,21,0,5,46
E01003250,905,66,38,1,5,18,3,3,0,2,6,28,0,13,0,15,184,42,5,7,29,1,0,30,13,3,14,26,26,86,8,45,15,5,0,1,12,197,31,4,11,16,10,1,9,4,4,26,17,7,2,126,0,6,80,18,0,22,101,81,9,41,9,18,4,20,20,54,0,0,19,0,5,6,8,0,11,5,5,1,24,0,2,21,1,72,42,13,0,29,30,8,7,13,2,75,66,56,5,5,9,8,1,39,12,1,3,3,5,27,25,0,2,117,5,0,2,3,112,10,31,22,2,6,41
E01003251,754,52,24,0,3,5,2,2,0,5,7,28,0,8,1,19,102,26,3,1,21,1,0,24,1,0,23,22,22,30,2,13,5,4,3,0,3,65,16,3,2,11,12,4,8,2,2,10,8,0,2,25,0,0,5,14,0,6,74,58,15,13,5,21,4,16,16,99,2,2,16,1,4,5,6,0,30,13,16,1,51,0,1,34,16,106,57,20,0,37,49,7,26,13,3,80,51,45,2,4,29,29,0,37,18,2,6,3,7,19,16,1,2,139,3,0,1,2,136,6,58,21,4,8,39
E01003252,523,35,11,0,2,3,1,0,0,0,5,24,0,9,3,12,54,8,0,3,5,0,0,14,1,0,13,8,8,24,3,6,1,11,1,0,2,35,6,0,0,6,4,0,4,1,1,12,8,3,1,12,0,0,4,6,0,2,38,31,3,10,5,12,1,7,7,48,1,1,5,0,1,0,4,0,12,8,4,0,30,0,3,27,0,99,65,26,0,39,34,9,17,8,0,72,55,49,3,3,17,14,3,32,4,1,0,2,1,28,23,4,1,110,7,0,3,4,103,6,30,25,1,4,37
E01003253,680,53,29,0,4,9,2,3,0,4,7,24,0,10,0,14,123,21,4,5,10,1,1,22,4,1,17,31,31,49,6,18,3,6,1,4,11,100,9,3,3,3,7,3,4,2,2,38,19,16,3,44,0,2,14,19,1,8,64,40,10,14,4,10,2,24,24,52,2,2,13,1,4,5,3,0,12,9,3,0,25,1,1,22,1,85,46,21,1,24,39,11,22,5,1,56,44,40,1,3,12,11,1,28,8,1,0,4,3,20,16,2,2,119,7,0,3,4,112,7,31,17,3,5,49
E01003254,808,106,78,5,9,31,6,2,1,4,20,28,0,9,0,19,286,40,3,9,27,1,0,62,28,7,27,77,77,107,14,41,7,11,6,1,27,149,12,3,2,7,10,4,6,4,4,52,37,8,7,71,0,3,19,32,0,17,84,74,15,15,21,16,7,10,10,43,7,7,6,0,1,2,3,0,13,6,7,0,17,2,2,10,3,57,28,20,0,8,29,11,14,3,1,29,23,18,3,2,6,4,2,17,7,1,0,4,2,10,10,0,0,37,1,0,0,1,36,4,10,5,1,1,15
E01003255,1205,135,83,6,8,42,6,4,0,2,15,52,0,19,2,31,358,54,4,5,42,0,3,46,15,7,24,77,77,181,18,69,22,10,9,3,50,317,12,4,1,7,16,6,10,6,6,169,143,17,9,114,0,6,40,45,0,23,116,85,27,18,18,17,5,31,31,72,0,0,17,2,0,2,13,0,27,16,10,1,28,1,2,24,1,65,37,20,2,15,28,15,3,7,3,44,38,31,6,1,6,5,1,25,12,2,1,0,9,13,11,0,2,73,1,0,1,0,72,4,18,14,1,6,29
E01003256,991,90,64,3,8,31,4,3,1,6,8,26,1,7,0,18,232,50,4,8,35,3,0,31,12,5,14,64,64,87,12,41,11,9,3,2,9,162,12,2,5,5,15,5,10,3,3,76,59,11,6,56,0,3,12,27,0,14,115,87,28,35,9,12,3,28,28,72,2,2,12,0,0,5,7,0,24,19,5,0,34,1,2,28,3,105,66,30,3,33,39,24,10,2,3,73,59,45,8,6,14,13,1,41,12,3,4,3,2,29,28,0,1,101,6,0,5,1,95,6,27,20,4,6,32
E01003257,778,83,55,1,13,18,5,0,0,4,14,28,0,6,0,22,182,27,3,4,19,1,0,38,13,8,17,45,45,72,8,18,14,7,1,2,22,147,12,3,3,6,13,7,6,6,6,50,35,14,1,66,0,2,17,32,1,14,87,58,10,24,6,14,4,29,29,59,4,4,17,0,1,3,13,0,20,14,6,0,18,0,3,11,4,76,51,26,1,24,25,6,13,4,2,49,36,30,5,1,13,11,2,30,13,4,3,3,3,17,17,0,0,65,7,2,4,1,58,5,13,15,1,7,17
E01003258,582,38,21,1,2,10,1,3,0,0,4,17,0,5,0,12,109,12,3,3,6,0,0,32,4,1,27,28,28,37,3,11,7,9,2,1,4,73,7,6,0,1,9,4,5,2,2,19,13,3,3,36,0,4,10,14,1,7,73,56,18,12,9,14,3,17,17,60,3,3,14,1,0,3,9,1,17,12,5,0,26,0,3,22,1,71,52,18,1,33,19,3,6,4,6,51,42,38,4,0,9,8,1,33,10,1,2,3,4,23,20,0,3,74,2,0,2,0,72,8,10,26,3,1,24
E01003259,893,100,66,3,13,33,4,3,0,2,8,34,0,7,3,24,246,44,6,8,26,0,4,45,21,3,21,60,60,97,10,27,10,23,2,0,25,174,14,4,2,8,19,3,16,7,7,58,40,15,3,76,0,3,31,30,0,12,105,74,16,17,10,26,5,31,31,60,2,2,13,0,2,3,7,1,21,14,3,4,24,0,3,15,6,63,49,22,2,25,14,3,5,2,4,48,33,23,7,3,15,11,4,29,11,0,4,0,7,18,15,1,2,68,3,0,2,1,65,9,26,10,2,2,16
E01003260,906,100,58,1,13,25,5,2,1,6,5,42,0,10,4,28,250,51,6,11,31,1,2,38,19,5,14,65,65,96,23,24,14,4,0,1,30,164,18,6,5,7,11,2,9,10,10,69,57,6,6,56,0,2,24,18,0,12,89,64,16,8,5,29,6,25,25,67,2,2,4,0,0,0,4,0,20,11,7,2,41,4,0,30,7,62,51,30,1,20,11,5,4,2,0,71,48,39,2,7,23,21,2,31,7,1,2,1,3,24,20,1,3,72,3,0,3,0,69,6,22,10,0,2,29
E01003261,794,69,38,2,4,15,5,1,0,6,5,31,0,9,3,19,258,49,2,4,39,1,3,30,17,5,8,75,75,104,17,38,11,10,3,0,25,156,14,4,0,10,11,5,6,6,6,64,47,13,4,61,1,0,26,19,0,15,93,76,26,19,8,15,8,17,17,50,7,7,12,0,2,4,6,0,17,10,5,2,14,1,0,12,1,57,39,24,0,15,18,5,8,4,1,51,39,34,1,4,12,10,2,23,3,0,2,1,0,20,16,0,4,37,0,0,0,0,37,5,10,7,3,2,10
E01003262,741,75,38,3,4,16,4,1,0,1,9,37,0,17,1,19,213,54,6,6,38,2,2,29,10,7,12,35,35,95,16,31,10,7,1,3,27,143,12,5,2,5,17,3,14,4,4,48,34,12,2,62,0,1,18,33,0,10,91,66,27,15,7,13,4,25,25,49,2,2,14,1,4,1,8,0,15,14,1,0,18,1,2,12,3,63,41,21,0,20,22,8,6,5,3,39,30,26,1,3,9,9,0,16,8,1,3,1,3,8,6,0,2,52,5,0,4,1,47,1,8,13,2,5,18
E01003263,719,72,39,0,9,16,4,2,1,3,4,33,0,8,3,22,128,19,3,5,10,0,1,20,5,1,14,42,42,47,7,18,7,6,2,0,7,105,11,7,1,3,11,6,5,7,7,18,7,5,6,58,1,4,19,22,1,11,107,82,19,24,14,21,4,25,25,81,3,3,18,2,2,3,11,0,30,18,11,1,30,2,2,23,3,67,53,28,2,23,14,1,8,4,1,50,39,36,1,2,11,10,1,39,10,1,1,1,7,29,25,2,2,70,2,0,2,0,68,5,26,11,3,4,19
E01003264,749,84,50,5,4,17,7,1,0,5,11,34,0,16,7,11,137,28,0,4,22,1,1,21,6,2,13,38,38,50,10,16,7,6,2,3,6,110,8,4,1,3,14,3,11,8,8,28,20,5,3,52,0,5,19,16,0,12,113,80,15,22,11,28,4,33,33,76,2,2,23,0,5,5,12,1,21,19,2,0,30,2,3,23,2,70,44,18,1,25,26,5,16,1,4,66,50,45,5,0,16,13,3,40,12,0,0,1,11,28,25,1,2,53,5,0,5,0,48,4,23,4,0,3,14
E01003265,675,61,40,0,6,16,2,3,0,2,11,21,0,6,3,12,101,27,4,8,12,2,1,27,3,3,21,14,14,33,5,16,1,4,1,1,5,107,19,7,0,12,11,2,9,6,6,19,15,4,0,52,1,4,15,19,0,13,81,65,17,21,14,9,4,16,16,59,2,2,8,0,3,2,2,1,31,19,11,1,18,1,0,17,0,82,63,20,0,43,19,5,8,2,4,54,48,41,4,3,6,4,2,25,6,0,1,1,4,19,16,2,1,105,3,0,2,1,102,10,30,14,3,8,37
E01003266,665,37,22,1,8,3,3,3,0,1,3,15,0,2,5,8,86,11,0,2,9,0,0,29,1,4,24,16,16,30,3,15,2,7,1,1,1,66,10,5,0,5,11,4,7,2,2,13,7,2,4,30,0,2,7,10,0,11,98,72,13,25,10,18,6,26,26,82,6,6,23,1,5,9,8,0,27,18,6,3,26,0,0,24,2,91,74,27,0,47,17,2,5,6,4,68,60,53,2,5,8,7,1,54,19,4,5,1,9,35,32,1,2,83,3,0,2,1,80,6,34,10,3,3,24
E01003267,641,35,18,1,3,2,3,0,1,2,6,17,0,9,4,4,80,13,0,5,8,0,0,20,3,0,17,18,18,29,1,14,2,7,0,1,4,65,10,3,0,7,5,1,4,6,6,9,8,1,0,35,1,4,9,15,0,6,90,76,11,28,17,13,7,14,14,99,6,6,38,2,8,7,20,1,35,23,8,4,20,1,3,12,4,74,55,24,3,28,19,2,5,7,5,66,58,54,0,4,8,8,0,52,20,3,6,3,8,32,27,1,4,80,7,1,4,2,73,10,22,12,4,8,17
E01003268,901,99,75,2,14,21,16,5,2,1,14,24,0,9,2,13,181,26,2,3,20,0,1,40,8,9,23,51,51,64,9,29,3,15,1,1,6,174,13,5,0,8,18,7,11,22,22,40,29,5,6,81,1,4,31,24,0,21,117,87,27,23,14,20,3,30,30,94,4,4,25,0,5,5,15,0,37,29,7,1,28,0,1,25,2,80,66,36,2,28,14,3,5,5,1,71,51,43,6,2,20,19,1,33,6,0,0,0,6,27,24,1,2,52,1,0,1,0,51,5,10,7,4,6,19
E01003269,754,78,49,2,9,18,5,6,0,0,9,29,0,10,2,17,169,30,2,10,16,1,1,37,11,3,23,51,51,51,8,21,4,6,0,2,10,120,10,4,0,6,10,4,6,11,11,21,15,0,6,68,0,5,27,22,0,14,94,69,12,19,10,22,6,25,25,77,1,1,20,0,3,5,12,0,40,31,9,0,16,5,2,8,1,61,39,19,1,19,22,12,4,5,1,57,45,39,2,4,12,11,1,30,8,0,2,1,5,22,20,2,0,68,11,0,8,3,57,7,17,14,3,4,12
E01003270,913,96,66,4,17,21,6,2,0,6,10,30,0,10,3,17,204,29,1,5,22,1,0,39,10,4,25,72,72,64,6,27,12,7,2,3,7,121,16,4,1,11,8,2,6,10,10,16,10,4,2,71,0,3,32,25,0,11,152,107,28,40,13,21,5,45,45,81,0,0,26,2,3,3,17,1,40,29,9,2,15,0,1,12,2,93,70,46,0,24,23,7,11,4,1,58,44,38,3,3,14,12,2,49,16,1,6,4,5,33,30,0,3,59,3,0,3,0,56,6,8,11,1,10,20
E01003271,901,98,51,1,14,11,9,3,1,2,10,47,1,15,3,28,203,43,1,14,27,0,1,31,12,1,18,57,57,72,7,28,10,10,3,3,11,150,12,6,0,6,14,4,10,22,22,21,13,6,2,81,1,4,40,19,0,17,135,104,30,28,10,26,10,31,31,81,3,3,21,1,5,4,10,1,32,21,11,0,25,1,3,18,3,74,51,31,0,20,23,6,10,5,2,56,48,38,7,3,8,7,1,38,14,0,5,4,5,24,18,1,5,66,1,0,1,0,65,13,16,8,2,8,18
E01003272,1067,117,65,3,4,28,3,2,0,6,19,52,0,21,4,27,286,46,10,8,25,2,1,26,6,7,13,88,88,126,16,51,16,17,2,0,24,209,9,3,2,4,21,2,19,7,7,83,62,18,3,89,0,4,23,41,0,21,93,69,24,19,9,12,5,24,24,80,4,4,19,0,6,4,9,0,32,24,8,0,25,0,1,21,3,82,51,19,0,32,31,10,13,7,1,58,40,37,2,1,18,18,0,27,14,1,5,4,4,13,12,0,1,115,4,0,2,2,111,6,20,21,4,3,57
E01003273,880,83,49,1,7,22,2,1,0,7,9,34,1,9,1,23,227,41,8,8,25,0,0,35,11,6,18,69,69,82,9,23,10,22,4,2,12,127,17,5,0,12,12,5,7,1,1,45,32,12,1,52,0,2,18,18,0,14,78,56,16,13,7,19,1,22,22,55,2,2,12,1,1,2,8,0,20,12,8,0,21,3,1,15,2,74,57,35,0,22,17,4,7,4,2,75,67,64,2,1,8,6,2,39,11,0,6,2,3,28,26,0,2,122,4,0,2,2,118,6,17,8,1,2,84
E01003274,973,111,67,0,10,23,13,0,1,10,10,44,0,15,3,26,280,51,6,8,33,1,3,38,14,5,19,103,103,88,11,34,6,8,2,2,25,161,15,4,1,10,14,2,12,1,1,70,47,15,8,61,0,2,14,27,0,18,119,88,20,32,8,21,7,31,31,67,1,1,15,1,6,4,4,0,21,15,6,0,30,1,0,28,1,70,54,24,1,29,16,2,8,6,0,67,56,52,3,1,11,11,0,31,12,0,4,2,6,19,18,0,1,67,4,1,2,1,63,4,18,8,1,2,30
E01003275,714,70,45,0,2,15,5,2,0,6,15,25,0,9,3,13,147,27,3,2,19,1,2,28,15,3,10,44,44,48,10,10,5,7,2,2,12,78,8,4,0,4,11,2,9,0,0,21,20,1,0,38,0,0,20,7,0,11,85,69,16,22,12,17,2,16,16,70,0,0,19,0,1,4,12,2,28,16,11,1,23,0,1,22,0,77,59,30,0,29,18,6,6,4,2,65,54,47,5,2,11,9,2,46,9,0,4,1,4,37,33,3,1,76,7,1,5,1,69,6,23,7,1,7,25
E01003276,954,98,47,2,7,15,3,4,0,7,9,51,0,22,1,28,276,51,4,5,38,1,3,30,7,4,19,91,91,104,11,40,6,27,2,4,14,143,8,1,1,6,15,2,13,10,10,54,39,10,5,56,0,3,26,15,0,12,124,93,20,29,15,26,3,31,31,63,2,2,18,0,7,2,9,0,25,16,8,1,18,1,1,15,1,82,61,29,0,32,21,10,6,4,1,49,39,37,2,0,10,9,1,35,9,1,1,2,5,26,22,2,2,84,3,0,1,2,81,9,22,19,3,1,27
E01003277,992,101,67,6,14,23,3,2,0,4,15,34,0,11,1,22,280,46,4,1,39,0,2,36,16,8,12,82,82,116,7,41,17,14,5,1,31,244,12,5,0,7,20,7,13,5,5,112,89,19,4,95,1,0,35,35,0,24,99,75,23,16,9,18,9,24,24,57,1,1,7,0,1,1,5,0,27,15,11,1,22,3,3,11,5,58,45,19,0,26,13,1,5,5,2,59,46,41,4,1,13,13,0,23,12,1,2,2,7,11,8,1,2,71,1,0,1,0,70,8,13,17,0,4,28
E01003278,1093,105,75,6,13,22,7,3,2,11,11,30,1,16,1,12,239,52,9,8,33,1,1,26,13,3,10,65,65,96,11,33,12,15,3,5,17,189,18,5,1,12,14,4,10,6,6,72,55,15,2,79,0,5,19,38,0,17,107,89,25,25,9,25,5,18,18,106,0,0,27,1,9,6,10,1,28,21,5,2,51,1,3,47,0,87,67,31,1,35,20,11,4,3,2,63,45,39,4,2,18,18,0,49,23,5,14,2,2,26,20,3,3,148,11,2,6,3,137,14,25,13,3,10,72
E01003279,903,96,57,3,6,26,2,3,1,6,10,39,1,10,3,25,268,58,16,9,30,0,3,39,9,7,23,77,77,94,10,23,20,12,5,5,19,154,15,2,0,13,12,5,7,4,4,58,44,13,1,65,1,4,15,25,2,18,102,74,17,15,18,18,6,28,28,57,2,2,13,2,2,4,5,0,24,15,9,0,18,0,2,14,2,75,53,32,0,21,22,9,8,2,3,59,47,38,3,6,12,11,1,26,8,1,3,2,2,18,14,2,2,66,1,0,1,0,65,3,12,5,2,4,39
E01003280,738,71,44,1,6,11,6,3,0,4,13,27,0,13,0,14,155,30,1,9,18,1,1,33,12,3,18,32,32,60,6,25,7,10,3,4,5,99,11,6,0,5,10,4,6,10,10,20,11,6,3,48,0,4,17,9,0,18,108,77,11,24,14,24,4,31,31,67,2,2,21,1,2,6,12,0,26,24,1,1,18,2,1,14,1,69,49,30,0,19,20,3,13,4,0,65,52,46,2,4,13,12,1,29,10,1,2,2,5,19,18,0,1,75,6,0,4,2,69,9,26,11,1,2,20
E01003281,763,107,69,1,13,28,5,4,1,8,9,38,1,12,4,21,197,48,5,3,38,1,1,31,11,1,19,43,43,75,7,36,9,8,2,2,11,119,9,4,0,5,8,3,5,5,5,39,34,5,0,58,1,3,30,19,0,5,103,64,18,15,10,18,3,39,39,71,3,3,19,0,6,2,11,0,22,17,5,0,27,5,2,17,3,58,43,30,1,12,15,5,6,3,1,45,30,28,2,0,15,10,5,29,10,1,3,0,6,19,14,1,4,34,2,0,1,1,32,5,5,4,0,7,11
E01003282,1483,179,89,2,14,38,12,2,0,1,20,90,0,35,1,54,429,92,7,22,53,5,5,63,23,6,34,103,103,171,20,52,35,9,4,5,46,276,35,20,2,13,23,7,16,6,6,84,55,22,7,128,0,7,51,39,0,31,154,112,21,29,28,24,10,42,42,82,5,5,16,1,4,1,10,0,34,30,3,1,27,5,2,19,1,103,59,28,1,30,44,12,22,4,6,100,81,66,6,9,19,16,3,41,17,2,11,2,2,24,21,1,2,119,14,2,10,2,105,16,32,14,4,4,35
E01003283,1188,162,111,5,15,51,15,3,2,8,12,51,1,9,4,37,408,75,14,7,50,2,2,36,16,1,19,123,123,174,21,61,26,12,5,7,42,252,21,8,2,11,21,7,14,4,4,79,67,11,1,127,0,7,57,47,0,16,79,50,13,13,6,14,4,29,29,68,5,5,13,0,6,3,3,1,31,22,7,2,19,0,3,15,1,76,57,36,2,19,19,2,8,7,2,52,39,33,4,2,13,8,5,25,7,2,1,0,4,18,14,2,2,66,5,0,3,2,61,7,9,17,4,3,21
E01003284,956,117,76,1,10,39,8,6,1,3,8,41,0,14,2,25,259,41,4,5,31,0,1,37,15,6,16,62,62,119,20,38,8,13,3,2,35,190,16,4,2,10,7,2,5,4,4,65,51,14,0,98,0,0,32,56,0,10,113,81,20,16,13,22,10,32,32,56,6,6,13,0,6,0,7,0,21,14,7,0,16,1,3,10,2,77,52,24,1,27,25,13,6,4,2,47,40,32,3,5,7,5,2,27,7,0,1,3,3,20,17,1,2,70,1,0,0,1,69,7,11,14,4,3,30
E01003285,905,103,63,4,13,23,6,6,0,0,11,40,1,11,1,27,252,63,9,7,44,2,1,30,16,3,11,72,72,87,13,38,7,4,4,4,17,144,15,6,3,6,13,3,10,11,11,36,28,5,3,69,0,5,29,23,0,12,147,100,30,33,13,19,5,47,47,59,4,4,18,1,7,2,8,0,12,10,1,1,25,1,2,21,1,66,43,23,1,19,23,10,7,3,3,47,41,32,4,5,6,4,2,25,10,0,2,4,4,15,12,0,3,62,5,0,3,2,57,9,11,11,0,2,24
E01003286,688,62,39,4,2,17,3,3,0,2,8,23,0,8,3,12,141,31,1,7,23,0,0,23,8,5,10,45,45,42,3,21,2,3,5,0,8,97,9,2,0,7,10,4,6,6,6,14,10,2,2,58,0,4,19,17,0,18,74,56,13,16,9,10,8,18,18,58,3,3,18,1,3,2,12,0,22,15,6,1,15,1,2,12,0,83,58,25,0,33,25,5,12,7,1,58,50,44,4,2,8,7,1,34,12,3,2,1,6,22,18,0,4,81,7,2,3,2,74,7,20,18,5,10,14
E01003287,1087,141,84,6,14,39,8,5,0,2,10,57,0,16,2,39,374,58,3,14,38,1,2,61,31,10,20,95,95,160,20,71,10,10,6,10,33,221,14,5,3,6,12,3,9,5,5,66,44,19,3,124,0,6,51,45,0,22,115,86,20,19,18,17,12,29,29,64,9,9,17,0,5,1,10,1,24,18,3,3,14,0,1,13,0,56,40,26,0,14,16,5,7,4,0,43,35,29,4,2,8,7,1,24,4,1,1,0,2,20,15,1,4,49,1,0,1,0,48,4,13,3,1,3,24
E01003288,791,84,43,1,6,19,8,1,0,5,3,41,1,15,1,24,141,31,0,5,26,0,0,30,7,3,20,28,28,52,6,23,11,4,1,2,5,110,13,6,0,7,12,3,9,5,5,33,21,7,5,47,2,3,19,14,0,9,103,75,18,17,12,22,6,28,28,65,2,2,14,0,5,4,5,0,18,13,5,0,31,1,0,30,0,72,54,20,0,34,18,9,6,1,2,81,68,63,3,2,13,7,6,30,9,1,3,1,4,21,19,1,1,105,3,0,2,1,102,13,26,16,5,6,36
E01003290,922,104,52,1,5,26,5,1,0,3,11,52,0,27,1,24,200,40,1,13,24,1,1,26,12,0,14,46,46,88,7,36,6,9,1,1,28,189,24,10,1,13,15,4,11,4,4,71,58,9,4,75,2,5,15,23,0,30,95,70,13,3,27,20,7,25,25,63,4,4,13,1,5,3,4,0,27,17,10,0,19,2,1,15,1,57,41,15,1,25,16,6,5,3,2,71,51,45,2,4,20,18,2,29,7,0,0,4,3,22,18,3,1,114,7,1,4,2,107,9,55,11,1,7,24
E01003291,595,52,28,2,3,12,4,2,0,1,4,24,0,9,1,14,89,20,0,3,16,0,1,18,2,1,15,20,20,31,5,11,3,7,0,1,4,100,13,5,2,6,10,1,9,4,4,31,25,5,1,42,1,1,16,15,0,9,61,45,15,12,6,9,3,16,16,65,5,5,13,2,5,2,4,0,18,12,4,2,29,3,4,20,2,52,36,17,0,19,16,5,3,8,0,57,49,40,2,7,8,6,2,25,5,1,2,0,2,20,18,1,1,94,5,0,1,4,89,6,30,22,1,5,25
E01003292,913,84,54,1,11,20,6,5,1,2,8,30,0,11,1,18,240,41,1,7,29,2,2,36,13,4,19,63,63,100,9,54,1,10,2,5,19,183,18,4,2,12,8,3,5,6,6,60,49,9,2,91,0,2,28,46,1,14,132,105,29,28,15,24,9,27,27,56,4,4,13,0,5,0,7,1,18,14,4,0,21,2,0,18,1,59,32,13,3,16,27,7,5,14,1,66,52,44,3,5,14,9,5,19,5,2,0,0,3,14,11,2,1,74,9,1,5,3,65,4,20,15,3,1,22
E01003293,772,68,46,2,5,18,4,5,0,3,9,22,0,8,1,13,178,42,6,2,33,0,1,31,6,5,20,49,49,56,6,23,2,6,0,1,18,142,11,3,0,8,11,1,10,6,6,47,38,8,1,67,1,1,14,29,0,22,93,63,13,29,11,7,3,30,30,57,1,1,10,0,3,1,6,0,25,14,7,4,21,2,3,14,2,69,49,17,0,32,20,4,4,10,2,52,35,30,2,3,17,17,0,31,11,1,3,2,5,20,18,1,1,82,4,0,4,0,78,7,21,11,3,7,29
E01003295,788,68,39,0,7,16,3,1,1,4,7,29,0,10,2,17,192,36,3,5,25,0,3,30,9,3,18,60,60,66,2,32,3,15,1,2,11,136,9,2,1,6,9,2,7,7,7,45,37,7,1,66,0,0,21,31,0,14,83,63,20,19,9,10,5,20,20,64,0,0,15,0,2,2,10,1,20,13,7,0,29,1,4,21,3,77,56,23,0,33,21,9,2,6,4,62,42,37,3,2,20,19,1,27,10,0,4,1,5,17,16,0,1,79,4,0,4,0,75,5,20,9,0,7,34
E01003296,1175,113,72,6,4,20,24,2,0,2,14,41,0,20,2,19,381,153,6,10,134,1,2,53,19,8,26,43,43,132,12,69,6,8,6,2,29,179,23,4,1,18,10,0,10,12,12,43,31,10,2,91,0,1,43,29,0,18,121,91,11,37,7,26,10,30,30,84,2,2,12,1,1,4,5,1,26,17,8,1,44,0,2,41,1,59,27,12,0,15,32,12,10,6,4,93,77,67,1,9,16,12,4,26,9,1,2,1,5,17,12,5,0,119,5,0,4,1,114,16,20,17,3,3,55
E01003297,845,70,39,1,3,9,3,2,1,4,16,31,1,20,2,8,138,34,3,4,27,0,0,31,6,5,20,18,18,55,4,30,6,6,0,3,6,113,18,6,3,9,6,1,5,5,5,28,20,6,2,56,0,1,25,22,0,8,81,61,18,21,6,13,3,20,20,71,1,1,10,0,2,2,6,0,21,15,3,3,39,0,0,38,1,85,51,10,0,41,34,8,9,11,6,98,73,62,4,7,25,22,3,34,13,4,2,3,4,21,17,1,3,155,3,0,3,0,152,5,39,35,5,6,62
E01003298,558,26,14,1,2,0,2,1,1,3,4,12,0,7,1,4,96,29,3,6,20,0,0,15,3,0,12,17,17,35,7,13,3,8,1,0,3,71,4,0,2,2,8,1,7,2,2,24,15,7,2,33,0,2,8,14,0,9,78,60,15,17,12,13,3,18,18,51,1,1,12,1,3,1,7,0,12,4,7,1,26,1,1,24,0,75,50,19,0,31,25,2,9,8,6,55,45,40,3,2,10,10,0,28,11,0,4,1,6,17,16,0,1,78,6,0,2,4,72,5,22,8,2,5,30
E01003299,741,65,43,2,4,12,5,3,1,1,15,22,0,5,2,15,130,15,1,4,9,0,1,16,6,2,8,38,38,61,8,18,8,7,3,3,14,133,12,3,2,7,5,1,4,1,1,58,37,16,5,57,1,3,12,28,0,13,67,47,12,8,7,17,3,20,20,45,1,1,6,0,1,4,1,0,18,11,6,1,20,1,1,13,5,82,58,24,1,33,24,11,4,3,6,72,55,47,1,7,17,14,3,23,10,1,2,0,7,13,12,1,0,124,4,0,1,3,120,5,45,17,3,4,46
E01003300,578,44,23,0,1,10,0,2,0,2,8,21,0,5,1,15,95,18,2,0,16,0,0,17,2,1,14,28,28,32,0,10,4,12,0,0,6,57,4,1,0,3,6,1,5,2,2,12,7,4,1,33,0,1,11,13,0,8,63,46,14,13,2,15,2,17,17,62,0,0,14,0,4,3,6,1,15,10,5,0,33,1,2,29,1,67,48,13,0,35,19,7,8,1,3,57,46,41,3,2,11,10,1,30,15,0,3,2,10,15,14,0,1,103,5,2,1,2,98,7,30,18,4,9,30
E01003301,1163,102,60,0,12,14,6,2,0,6,20,42,0,17,0,25,248,55,10,13,31,0,1,42,13,2,27,48,48,103,8,54,9,11,6,1,14,130,13,4,1,8,10,1,9,5,5,36,26,10,0,66,0,6,23,25,1,11,146,117,21,47,15,30,4,29,29,109,3,3,30,2,7,6,13,2,34,27,7,0,42,1,0,41,0,113,66,28,0,38,47,16,18,5,8,106,90,76,8,6,16,14,2,37,7,1,2,1,3,30,22,2,6,172,4,0,2,2,168,7,49,19,5,8,80
E01003302,720,59,26,0,4,8,1,2,0,4,7,33,0,9,0,24,107,22,1,8,12,0,1,15,3,1,11,25,25,45,6,20,3,9,1,1,5,85,7,1,0,6,7,0,7,3,3,28,19,5,4,40,0,3,7,15,0,15,88,75,15,26,9,19,6,13,13,57,1,1,10,0,3,0,7,0,14,8,5,1,32,3,3,25,1,93,56,24,1,31,37,8,15,6,8,75,61,49,8,4,14,13,1,32,10,1,6,2,1,22,15,3,4,124,5,1,1,3,119,11,29,24,0,10,45
E01003303,682,55,24,0,2,6,1,0,1,5,9,31,0,9,0,22,87,17,3,0,14,0,0,21,9,3,9,23,23,26,5,10,4,3,1,1,2,78,11,3,1,7,3,0,3,1,1,19,10,7,2,44,0,1,11,19,0,13,82,62,8,17,13,20,4,20,20,75,1,1,5,0,2,0,3,0,22,15,7,0,47,4,2,39,2,80,57,13,0,44,23,5,13,3,2,65,54,47,2,5,11,9,2,30,11,0,3,1,7,19,18,0,1,130,11,1,8,2,119,8,27,16,0,8,60
E01003304,985,82,49,2,4,14,5,3,0,3,18,33,0,13,0,20,161,44,4,6,34,0,0,18,4,2,12,43,43,56,2,25,6,7,4,1,11,167,22,4,6,12,14,4,10,5,5,49,34,12,3,77,0,1,38,29,0,9,107,79,12,16,18,29,4,28,28,102,1,1,20,0,3,6,11,0,22,12,9,1,59,3,1,52,3,92,50,19,2,29,42,10,14,11,7,85,64,56,3,5,21,20,1,39,11,3,2,2,4,28,22,3,3,150,7,1,3,3,143,11,34,28,2,4,64
E01003305,599,42,27,2,2,9,2,0,0,4,8,15,0,6,0,9,125,23,5,5,10,1,2,26,8,3,15,34,34,42,9,7,4,7,0,3,12,77,8,4,1,3,6,2,4,6,6,33,23,8,2,24,0,2,8,11,0,3,77,58,15,12,12,15,4,19,19,42,1,1,8,0,2,2,4,0,11,5,3,3,22,3,1,17,1,66,42,21,1,20,24,7,8,7,2,45,34,29,3,2,11,10,1,33,6,0,2,2,2,27,25,1,1,92,4,0,3,1,88,5,18,16,3,7,39
E01003307,776,85,58,0,7,21,7,4,0,5,14,27,0,10,0,17,214,38,5,3,28,0,2,39,10,7,22,57,57,80,9,29,11,11,3,1,16,136,7,1,2,4,12,1,11,3,3,55,38,11,6,59,0,3,14,20,0,22,81,58,15,14,7,15,7,23,23,72,3,3,14,0,7,1,6,0,26,20,6,0,29,0,3,25,1,56,39,17,1,21,17,4,8,5,0,50,35,32,1,2,15,11,4,22,8,0,4,1,3,14,12,1,1,60,0,0,0,0,60,10,11,10,7,5,17
E01003308,931,121,53,3,5,21,2,2,0,6,14,68,0,21,5,42,225,48,1,9,31,3,4,35,11,4,20,60,60,82,10,38,8,7,2,3,14,161,9,4,0,5,28,2,26,4,4,46,35,5,6,74,1,2,21,29,0,21,91,73,20,17,10,17,9,18,18,72,3,3,7,2,0,0,5,0,37,21,15,1,25,2,2,19,2,83,59,35,1,23,24,9,9,4,2,76,63,34,27,2,13,11,2,37,12,2,2,2,6,25,17,3,5,65,5,0,3,2,60,8,15,10,7,2,18
E01003309,620,56,39,3,4,9,2,3,0,4,14,17,0,3,1,13,116,22,3,2,16,0,1,21,9,4,8,31,31,42,7,13,6,8,2,1,5,87,4,3,0,1,12,3,9,4,4,33,30,2,1,34,0,2,15,9,0,8,70,51,14,13,5,17,2,19,19,66,6,6,14,2,0,2,9,1,22,16,6,0,24,3,0,16,5,65,45,21,0,24,20,4,9,5,2,55,42,38,4,0,13,13,0,36,9,3,1,3,2,27,24,0,3,69,6,0,2,4,63,7,24,8,5,2,17
E01003310,840,66,48,0,8,13,6,2,0,6,13,18,0,6,0,12,207,21,5,4,12,0,0,46,24,3,19,42,42,98,8,36,6,11,2,6,29,174,11,1,4,6,11,2,9,3,3,72,61,11,0,77,0,2,34,28,0,13,89,67,23,19,9,15,1,22,22,83,0,0,6,0,1,1,4,0,24,17,7,0,53,4,4,43,2,69,44,20,0,24,25,11,7,7,0,59,44,34,3,7,15,14,1,26,5,2,0,0,3,21,21,0,0,67,2,0,1,1,65,6,29,11,5,1,13
E01003311,801,90,56,0,6,19,7,2,0,4,18,34,0,9,2,23,217,56,5,15,33,1,2,44,16,5,23,58,58,59,14,19,8,5,1,2,10,150,13,4,1,8,17,6,11,10,10,44,30,9,5,66,0,0,24,21,0,21,80,60,15,20,9,13,3,20,20,70,4,4,19,1,4,3,10,1,32,23,9,0,15,1,3,11,0,66,48,29,0,19,18,5,7,6,0,51,46,40,5,1,5,5,0,28,12,5,3,2,2,16,15,0,1,49,1,0,1,0,48,6,16,4,1,2,19
E01003312,958,94,56,3,7,22,5,3,0,2,14,38,0,9,2,27,251,27,4,5,16,0,2,46,11,10,25,80,80,98,9,31,14,9,4,6,25,216,16,7,2,7,21,4,17,22,22,76,55,20,1,81,0,4,41,23,0,13,111,78,22,19,7,21,9,33,33,68,6,6,21,1,3,1,14,2,18,14,3,1,23,0,3,18,2,50,35,20,0,15,15,2,8,3,2,65,49,44,1,4,16,14,2,55,15,2,2,6,5,40,36,0,4,48,1,1,0,0,47,8,11,9,2,1,16
E01003313,711,62,34,2,4,7,1,2,0,2,16,28,0,10,2,16,148,22,1,4,15,0,2,36,7,2,27,38,38,52,4,27,2,9,0,2,8,98,10,7,0,3,11,1,10,4,4,32,19,4,9,41,0,0,14,14,0,13,104,80,30,24,9,10,7,24,24,47,2,2,15,1,4,2,8,0,21,11,9,1,9,1,1,7,0,65,50,21,2,27,15,5,5,4,1,57,38,34,1,3,19,17,2,55,9,2,2,2,3,46,45,1,0,75,7,2,5,0,68,13,21,14,4,1,15
E01003314,928,91,61,1,6,24,7,4,0,4,15,30,0,10,2,18,269,62,7,12,43,0,0,33,15,4,14,64,64,110,11,35,14,14,2,5,29,174,17,8,2,7,20,4,16,4,4,63,49,14,0,70,1,0,16,33,0,20,118,93,20,22,19,16,16,25,25,63,3,3,28,0,5,4,19,0,17,12,3,2,15,1,0,11,3,59,46,20,2,24,13,6,3,2,2,54,38,32,4,2,16,15,1,36,10,0,4,2,4,26,26,0,0,64,10,4,4,2,54,14,20,6,1,3,10
E01003315,717,67,38,4,7,15,2,0,0,1,9,29,0,13,0,16,211,39,6,7,24,0,2,40,11,7,22,46,46,86,15,31,14,6,1,4,15,168,20,12,1,7,17,6,11,3,3,64,45,15,4,64,0,1,26,30,0,7,65,50,15,17,5,9,4,15,15,37,1,1,6,0,3,0,3,0,19,17,2,0,11,2,0,6,3,64,48,25,1,22,16,8,5,1,2,43,26,22,2,2,17,9,8,28,9,0,4,1,4,19,15,1,3,34,1,0,0,1,33,5,10,6,0,3,9
E01003316,805,101,66,1,11,27,5,4,1,6,11,35,0,10,3,22,218,47,2,16,26,0,3,36,12,6,18,66,66,69,6,25,9,8,1,0,20,139,10,6,0,4,7,1,6,6,6,56,37,13,6,60,0,2,14,33,0,11,106,81,23,16,9,27,6,25,25,70,2,2,25,2,10,5,8,0,33,25,5,3,10,0,1,5,4,64,49,29,1,19,15,8,3,2,2,35,28,23,4,1,7,6,1,23,8,1,1,1,5,15,14,0,1,49,4,0,4,0,45,5,10,5,2,1,22
E01003317,879,86,46,2,9,15,4,2,1,3,10,40,0,13,3,24,185,36,6,7,23,0,0,30,9,4,17,45,45,74,9,29,3,10,2,3,18,118,5,2,0,3,12,5,7,10,10,39,33,5,1,52,0,2,14,13,0,23,104,78,29,20,13,12,4,26,26,83,6,6,21,0,4,3,13,1,29,15,14,0,27,2,0,23,2,84,54,25,1,28,30,9,11,5,5,67,52,45,3,4,15,14,1,60,16,1,5,4,6,44,37,2,5,92,4,0,2,2,88,10,16,26,3,2,31
E01003318,772,77,29,2,4,9,2,0,0,3,9,48,0,17,4,27,138,28,2,1,24,1,0,33,7,1,25,32,32,45,6,17,1,7,1,1,12,100,14,5,1,8,6,2,4,3,3,38,31,4,3,39,0,3,17,12,0,7,96,73,24,21,9,17,2,23,23,91,10,10,21,1,5,1,14,0,35,21,14,0,25,0,0,25,0,78,42,15,0,27,36,4,20,6,6,84,65,60,1,4,19,15,4,25,3,0,0,0,3,22,18,0,4,83,7,0,5,2,76,11,24,14,4,4,19
E01003319,807,61,31,0,4,9,3,4,0,3,8,30,0,6,0,24,147,43,0,2,41,0,0,29,6,0,23,35,35,40,3,20,4,9,0,1,3,91,7,3,0,4,15,2,13,2,2,38,23,9,6,29,0,1,12,6,0,10,101,66,17,19,8,20,2,35,35,85,4,4,21,0,4,7,10,0,34,26,7,1,26,0,9,16,1,115,97,31,0,66,18,3,7,6,2,74,63,59,1,3,11,11,0,39,15,3,2,1,9,24,20,1,3,94,3,0,3,0,91,9,31,21,2,4,24
E01003320,665,66,40,2,4,14,2,2,0,2,14,26,0,9,1,16,114,27,1,5,19,1,1,26,4,1,21,30,30,31,0,15,2,10,1,1,2,85,7,3,1,3,13,2,11,2,2,26,22,3,1,37,0,5,11,15,0,6,89,67,14,16,18,18,1,22,22,42,3,3,5,0,0,2,2,1,23,17,5,1,11,0,2,7,2,95,70,33,2,35,25,2,8,5,10,65,50,44,3,3,15,13,2,26,6,0,3,0,3,20,17,0,3,83,8,0,7,1,75,7,19,18,4,6,21
E01003321,972,63,33,2,2,10,3,1,1,1,13,30,0,12,4,14,174,35,8,6,21,0,0,27,7,0,20,39,39,73,5,27,9,20,2,1,9,145,5,1,1,3,19,5,14,1,1,58,37,14,7,62,0,3,19,24,1,15,106,78,17,11,15,20,15,28,28,121,6,6,24,0,6,5,13,0,58,46,11,1,33,0,2,28,3,116,91,37,0,54,25,8,12,4,1,83,69,61,3,5,14,11,3,47,11,1,1,1,8,36,18,2,16,117,7,0,6,1,110,13,42,15,3,8,29
E01003322,699,60,37,3,2,14,3,0,1,5,9,23,0,4,2,17,139,22,4,4,13,1,0,22,10,2,10,43,43,52,5,23,5,5,2,2,10,100,6,2,2,2,9,1,8,7,7,30,21,6,3,48,0,2,9,22,0,15,84,66,16,21,5,19,5,18,18,71,5,5,12,0,4,1,6,1,36,23,13,0,18,0,1,15,2,70,58,27,1,30,12,6,1,3,2,54,39,34,2,3,15,12,3,42,15,0,11,1,3,27,22,2,3,79,12,1,10,1,67,9,26,12,2,4,14
E01003323,717,63,34,1,3,13,1,3,1,3,9,29,0,13,1,15,165,28,3,4,18,3,0,40,10,3,27,47,47,50,3,20,4,8,2,3,10,108,15,3,0,12,9,2,7,5,5,45,35,6,4,34,0,2,11,14,0,7,82,63,16,20,8,16,3,19,19,54,2,2,10,1,4,0,5,0,22,14,6,2,20,0,2,17,1,76,60,21,0,39,16,4,6,4,2,64,51,39,3,9,13,13,0,36,8,2,2,1,3,28,23,0,5,69,0,0,0,0,69,6,15,20,2,5,21
E01003324,666,42,22,2,1,11,3,0,0,1,4,20,0,7,1,12,102,16,4,0,12,0,0,28,5,4,19,23,23,35,3,11,1,13,0,0,7,94,23,6,10,7,9,5,4,3,3,18,14,4,0,41,0,2,10,19,0,10,74,59,14,10,15,14,6,15,15,51,4,4,14,2,0,2,9,1,15,9,5,1,18,0,1,14,3,80,57,12,1,44,23,1,9,8,5,74,62,59,1,2,12,11,1,45,6,2,1,2,1,39,34,4,1,104,6,0,5,1,98,8,28,28,4,10,20
E01003325,766,65,23,0,2,6,1,1,0,3,10,42,0,12,2,28,152,27,5,1,18,1,2,27,7,4,16,40,40,58,4,20,14,11,2,2,5,121,18,4,1,13,23,6,17,3,3,29,21,4,4,48,0,0,19,21,0,8,89,70,21,19,6,18,6,19,19,57,3,3,5,0,2,0,3,0,24,16,8,0,25,0,1,23,1,92,65,26,4,35,27,3,14,7,3,68,56,46,3,7,12,9,3,30,5,1,3,0,1,25,21,0,4,92,6,0,6,0,86,8,27,16,4,6,25
E01003326,698,58,37,1,6,14,4,2,0,2,8,21,0,7,0,14,159,29,8,5,15,0,1,31,6,4,21,46,46,53,3,19,3,9,1,0,18,115,10,5,1,4,8,4,4,7,7,37,26,11,0,53,0,2,12,27,0,12,108,80,15,27,4,20,14,28,28,62,3,3,15,1,7,1,6,0,21,14,6,1,23,0,1,22,0,53,39,17,0,22,14,2,4,7,1,52,35,32,0,3,17,16,1,32,7,0,4,1,2,25,22,0,3,59,5,0,4,1,54,4,12,17,0,1,20
E01003327,881,109,65,1,8,23,5,4,0,5,19,44,0,21,0,23,217,40,5,7,24,2,2,27,10,6,11,50,50,100,13,43,8,5,4,3,24,162,10,3,0,7,13,4,9,5,5,65,45,16,4,69,0,6,20,30,0,13,69,54,11,12,11,18,2,15,15,70,3,3,27,0,5,3,19,0,24,16,8,0,16,2,1,13,0,73,50,21,0,29,23,12,8,3,0,45,38,33,1,4,7,3,4,26,7,2,0,3,2,19,13,2,4,110,3,0,1,2,107,9,18,9,4,3,64
E01003328,873,83,44,1,6,21,6,1,0,3,6,39,0,11,3,25,248,43,6,10,23,1,3,42,22,4,16,77,77,86,12,28,8,15,3,2,18,164,10,5,1,4,15,1,14,5,5,58,44,12,2,76,0,2,27,39,1,7,107,84,22,20,10,26,6,23,23,66,2,2,18,1,6,3,7,1,27,19,7,1,19,0,4,14,1,72,51,20,1,30,21,7,10,3,1,45,26,22,2,2,19,16,3,34,13,0,3,5,5,21,18,1,2,54,1,0,1,0,53,8,17,6,2,2,18
E01003329,835,103,57,1,6,21,6,3,0,1,19,46,0,12,2,32,184,44,4,8,27,1,4,25,5,4,16,49,49,66,3,26,9,7,4,5,12,150,17,4,2,11,8,3,5,6,6,57,36,16,5,62,0,4,26,22,0,10,111,83,24,25,9,20,5,28,28,63,4,4,13,0,3,1,9,0,30,19,10,1,16,1,1,13,1,69,47,27,1,19,22,9,10,2,1,66,54,43,6,5,12,10,2,36,13,1,4,2,6,23,20,1,2,53,7,0,5,2,46,9,8,8,3,5,13
E01003330,601,52,29,2,1,7,2,1,0,6,10,23,0,10,2,11,114,22,2,4,16,0,0,29,12,2,15,24,24,39,9,13,3,4,4,2,4,67,10,3,0,7,10,2,8,5,5,16,7,4,5,26,0,1,11,7,0,7,78,59,14,16,5,21,3,19,19,60,3,3,14,1,1,2,10,0,27,14,12,1,16,1,3,11,1,81,54,20,0,34,27,2,14,7,4,56,48,43,2,3,8,8,0,28,5,0,0,0,5,23,21,1,1,65,3,0,2,1,62,6,10,24,3,3,16
E01003331,617,58,36,1,4,11,2,2,0,3,13,22,0,8,1,13,136,21,5,4,12,0,0,32,11,2,19,36,36,47,5,19,5,8,1,1,8,83,10,4,0,6,16,3,13,5,5,20,15,5,0,32,0,3,7,10,0,12,84,58,19,17,5,12,5,26,26,50,2,2,10,0,1,5,4,0,22,15,5,2,16,4,3,8,1,72,52,23,0,29,20,7,6,6,1,48,35,28,6,1,13,11,2,30,10,2,3,2,3,20,19,1,0,56,4,0,4,0,52,6,14,7,5,3,17
E01003332,751,74,47,2,8,15,4,1,0,7,10,27,1,9,1,16,190,36,3,5,27,0,1,29,12,4,13,47,47,78,4,32,6,14,3,0,19,129,15,4,1,10,14,3,11,2,2,45,40,4,1,53,0,2,23,19,0,9,89,65,11,13,13,19,9,24,24,58,3,3,9,0,2,0,7,0,26,15,9,2,20,3,2,9,6,65,51,25,2,24,14,2,4,6,2,51,36,32,1,3,15,15,0,34,11,0,0,2,9,23,19,3,1,61,2,2,0,0,59,7,21,6,1,6,18
E01003333,747,79,53,2,5,17,3,4,1,4,17,26,0,7,1,18,164,25,1,5,15,2,2,28,5,1,22,49,49,62,4,23,4,6,2,6,17,125,13,10,0,3,5,1,4,3,3,53,36,12,5,51,0,1,20,19,0,11,95,63,17,18,11,12,5,32,32,67,5,5,17,2,3,1,10,1,29,16,10,3,16,1,3,11,1,68,54,25,1,28,14,6,3,3,2,51,41,37,3,1,10,7,3,27,9,2,2,2,3,18,17,0,1,71,2,0,1,1,69,13,21,9,3,4,19
E01003334,842,77,42,2,7,19,4,1,0,2,7,35,0,9,3,23,180,40,2,2,34,0,2,32,9,4,19,44,44,64,9,29,1,5,3,5,12,158,12,8,1,3,8,0,8,10,10,58,37,14,7,70,0,6,19,35,0,10,110,81,19,16,16,24,6,29,29,56,7,7,14,1,1,5,7,0,16,14,2,0,19,1,0,17,1,80,59,30,0,29,21,6,9,4,2,55,42,35,4,3,13,12,1,38,7,0,1,2,4,31,22,3,6,88,3,0,0,3,85,10,20,10,5,10,30
E01003335,630,73,42,4,4,10,5,7,0,3,9,31,0,9,4,18,111,16,2,3,9,0,2,26,10,2,14,36,36,33,5,11,2,7,2,0,6,102,8,3,2,3,10,1,9,2,2,37,25,3,9,45,0,2,18,14,0,11,68,50,10,12,7,14,7,18,18,43,2,2,14,1,2,3,7,1,9,6,2,1,18,0,1,14,3,94,77,40,1,36,17,2,4,8,3,53,39,33,6,0,14,8,6,18,5,2,0,3,0,13,11,0,2,68,7,0,5,2,61,8,17,9,6,2,19
E01003336,556,31,16,1,2,8,2,0,0,2,1,15,0,3,1,11,83,23,3,1,18,0,1,12,1,0,11,22,22,26,3,10,3,5,0,1,4,68,12,6,0,6,8,3,5,6,6,22,16,5,1,20,0,1,3,8,0,8,63,50,8,8,9,21,4,13,13,47,1,1,10,0,0,6,4,0,10,5,3,2,26,0,1,24,1,89,55,28,0,27,34,14,13,6,1,38,31,27,4,0,7,6,1,53,10,1,6,1,2,43,39,3,1,84,5,1,3,1,79,5,18,28,4,5,19
E01003337,681,37,11,1,1,4,2,0,0,0,3,26,0,13,1,12,80,14,2,2,9,0,1,24,2,0,22,16,16,26,3,7,2,11,0,0,3,60,4,2,0,2,9,2,7,4,4,25,24,1,0,18,0,1,3,11,0,3,98,61,15,24,4,16,2,37,37,59,2,2,15,0,4,3,8,0,24,22,2,0,18,0,0,18,0,147,102,52,2,48,45,3,32,8,2,68,50,40,5,5,18,18,0,36,6,2,1,2,1,30,28,1,1,96,4,0,3,1,92,6,27,28,3,4,24
E01003338,737,41,20,1,0,4,1,3,0,0,11,21,0,7,2,12,102,20,2,2,14,2,0,27,5,4,18,28,28,27,5,10,0,4,2,1,5,103,11,2,1,8,12,3,9,4,4,45,32,10,3,31,0,3,10,8,0,10,79,53,15,17,6,11,4,26,26,78,4,4,11,1,4,2,4,0,16,10,6,0,47,0,0,47,0,102,66,24,2,40,36,8,11,10,7,67,52,46,5,1,15,14,1,34,13,3,3,2,5,21,18,1,2,131,5,1,2,2,126,8,47,26,2,8,35
E01003339,945,99,72,4,7,13,1,2,0,13,32,27,0,11,0,16,244,22,2,5,14,0,1,53,23,3,27,70,70,99,11,41,9,13,0,1,24,160,17,6,3,8,15,3,12,3,3,66,47,17,2,59,0,2,13,18,0,26,66,57,18,10,10,12,7,9,9,83,3,3,21,0,1,6,14,0,19,10,9,0,40,4,2,29,5,98,41,19,0,22,57,10,13,7,27,68,54,48,6,0,14,11,3,27,7,1,1,1,4,20,17,0,3,100,1,0,1,0,99,11,18,17,1,11,41
E01003340,1140,95,64,4,6,27,7,3,0,6,11,31,0,9,1,21,283,52,7,11,33,1,0,24,7,5,12,80,80,127,9,37,18,19,2,2,40,281,41,27,5,9,17,2,15,3,3,111,78,26,7,109,0,1,26,65,1,16,127,90,19,28,14,25,4,37,37,58,3,3,5,0,2,1,2,0,21,16,4,1,29,4,2,20,3,68,47,27,2,18,21,6,7,3,5,79,67,46,21,0,12,11,1,19,5,0,1,2,2,14,11,0,3,130,5,1,2,2,125,5,36,11,2,2,69
E01003341,851,104,55,6,10,22,2,4,2,4,5,49,0,14,1,34,236,38,9,10,17,0,2,36,15,10,11,71,71,91,13,29,17,4,3,1,24,201,11,4,4,3,15,1,14,2,2,119,85,29,5,54,0,0,15,26,0,13,69,53,11,11,6,17,8,16,16,41,1,1,9,1,4,2,2,0,15,11,3,1,16,0,3,9,4,63,46,25,1,20,17,7,4,5,1,43,39,33,4,2,4,3,1,29,4,1,0,2,1,25,22,1,2,65,3,0,1,2,62,8,14,8,2,4,26
E01003342,967,98,55,4,4,26,4,3,0,5,9,43,0,16,4,23,246,43,1,7,32,1,2,33,7,5,21,79,79,91,14,30,13,4,5,3,22,195,21,16,1,4,16,1,15,3,3,89,76,9,4,66,0,2,30,21,0,13,137,107,26,23,23,27,8,30,30,61,4,4,17,0,0,12,5,0,20,12,7,1,20,1,0,16,3,74,50,28,0,22,24,12,7,3,2,57,43,36,3,4,14,11,3,25,9,1,3,2,3,16,13,0,3,74,4,1,0,3,70,9,18,8,4,5,26
E01003343,726,83,41,5,3,17,2,2,0,7,5,42,0,11,1,30,172,35,4,3,28,0,0,27,9,7,11,57,57,53,9,17,12,2,2,0,11,150,8,2,3,3,17,4,13,5,5,67,52,13,2,53,0,2,19,21,2,9,75,53,11,19,7,14,2,22,22,63,6,6,16,0,5,6,5,0,22,17,5,0,19,3,1,13,2,48,33,16,1,16,15,6,6,0,3,34,23,21,0,2,11,5,6,21,3,0,1,0,2,18,17,0,1,80,0,0,0,0,80,8,11,13,3,5,40
E01003344,1029,90,46,1,4,20,6,1,1,6,7,44,0,14,0,30,251,64,8,19,33,2,2,29,12,8,9,53,53,105,13,43,7,11,2,3,26,254,25,4,16,5,10,2,8,7,7,134,98,33,3,78,0,2,24,35,0,17,90,67,14,14,9,24,6,23,23,81,7,7,13,2,2,2,6,1,17,13,4,0,44,13,3,23,5,89,50,21,1,28,39,19,9,6,5,58,49,40,5,4,9,8,1,21,5,2,0,2,1,16,16,0,0,95,4,1,2,1,91,8,34,13,1,2,33
E01003345,1013,105,58,4,8,22,5,1,0,5,13,47,0,17,8,22,208,49,8,8,31,1,1,43,11,16,16,46,46,70,8,22,20,4,0,3,13,239,17,2,5,10,12,3,9,6,6,111,94,12,5,93,0,2,40,33,0,18,127,97,31,35,14,17,0,30,30,78,1,1,16,0,0,2,14,0,29,21,8,0,32,2,3,24,3,74,52,30,0,22,22,8,6,8,0,61,50,41,6,3,11,11,0,39,11,1,1,5,4,28,26,1,1,82,2,0,1,1,80,7,18,17,2,5,31
E01003346,647,35,19,0,5,5,3,2,0,0,4,16,0,4,2,10,88,13,2,4,7,0,0,27,6,0,21,24,24,24,0,12,1,8,1,0,2,68,16,9,0,7,13,4,9,4,4,9,6,0,3,26,0,0,8,7,0,11,110,71,16,24,16,7,8,39,39,81,0,0,26,0,4,11,11,0,34,23,9,2,21,1,1,18,1,80,61,25,0,36,19,5,7,6,1,60,53,46,1,6,7,6,1,53,15,1,5,4,5,38,30,3,5,72,3,0,2,1,69,11,27,8,3,7,13
E01003347,596,35,9,0,4,2,0,1,0,1,1,26,0,9,2,15,74,8,1,2,4,1,0,22,4,0,18,16,16,28,1,9,8,8,0,0,2,57,8,3,3,2,6,0,6,7,7,7,4,1,2,29,0,1,4,12,0,12,62,52,17,12,6,14,3,10,10,63,7,7,18,1,3,4,10,0,19,13,6,0,19,1,2,15,1,106,83,41,0,42,23,2,11,8,2,72,58,53,1,4,14,13,1,37,9,1,0,1,7,28,26,1,1,90,3,0,1,2,87,4,32,17,5,7,22
E01003348,630,49,25,0,2,5,5,1,0,3,9,24,0,5,4,15,116,33,2,8,21,0,2,30,5,0,25,25,25,28,5,10,5,7,0,0,1,46,4,4,0,0,7,0,7,6,6,6,5,1,0,23,0,2,7,6,0,8,96,78,15,29,14,15,5,18,18,71,1,1,26,2,3,8,12,1,26,17,8,1,18,1,1,13,3,70,50,24,0,26,20,5,12,2,1,66,61,53,5,3,5,4,1,39,10,3,1,1,5,29,23,0,6,77,4,0,2,2,73,14,24,12,2,4,17
E01003349,542,45,23,0,5,4,1,2,0,3,8,22,0,12,0,10,87,13,0,2,9,0,2,26,5,1,20,19,19,29,4,10,7,4,0,1,3,44,5,2,0,3,4,1,3,9,9,5,3,2,0,21,0,0,5,8,0,8,70,47,16,10,7,10,4,23,23,78,0,0,29,5,9,5,9,1,33,22,9,2,16,1,1,14,0,67,50,20,3,27,17,7,4,5,1,57,50,44,3,3,7,7,0,37,12,3,3,0,6,25,19,4,2,57,7,1,3,3,50,3,12,19,2,3,11
E01003350,535,35,17,1,1,6,0,2,0,3,4,18,0,5,0,13,76,14,2,4,8,0,0,24,5,0,19,17,17,21,1,6,2,7,2,2,1,56,13,4,0,9,7,0,7,1,1,12,9,2,1,23,0,0,7,3,0,13,63,49,12,14,7,14,2,14,14,81,7,7,25,1,1,5,16,2,31,18,11,2,18,2,2,13,1,62,46,18,0,28,16,3,7,5,1,63,53,52,1,0,10,9,1,31,7,2,0,2,3,24,22,2,0,68,6,0,3,3,62,6,15,19,1,11,10
E01003351,578,43,28,0,2,7,1,3,0,1,14,15,0,4,0,11,86,16,3,4,9,0,0,29,4,0,25,19,19,22,2,11,4,2,1,2,0,51,10,5,0,5,4,0,4,5,5,11,6,2,3,21,0,1,6,7,0,7,72,48,12,15,7,13,1,24,24,74,3,3,26,0,8,7,11,0,29,18,8,3,16,3,2,11,0,73,62,32,2,28,11,2,4,3,2,50,34,32,1,1,16,15,1,46,15,1,1,7,6,31,27,2,2,83,5,1,3,1,78,9,35,17,2,2,13
E01003352,735,42,18,1,3,7,1,1,0,2,3,24,0,6,0,18,108,18,0,7,11,0,0,34,9,1,24,26,26,30,4,10,4,6,0,0,6,78,16,6,1,9,9,0,9,12,12,9,6,2,1,32,0,0,14,10,0,8,99,74,18,23,8,21,4,25,25,73,3,3,19,2,3,3,10,1,24,15,9,0,27,0,2,25,0,102,69,27,0,42,33,4,11,7,11,86,69,60,6,3,17,15,2,42,14,2,4,1,7,28,26,0,2,105,8,0,3,5,97,13,29,15,3,11,26
E01003353,824,75,38,1,10,11,4,4,0,2,6,37,0,12,1,24,130,20,5,4,11,0,0,38,9,0,29,21,21,51,7,22,7,10,2,0,3,92,7,3,1,3,13,1,12,9,9,17,10,4,3,46,0,4,8,15,0,19,133,98,15,21,21,33,8,35,35,118,1,1,47,0,10,11,25,1,42,25,14,3,28,2,6,14,6,70,57,31,1,25,13,4,8,0,1,89,75,65,7,3,14,10,4,39,6,1,3,0,2,33,32,0,1,78,3,0,2,1,75,15,21,13,3,5,18
E01003354,824,86,53,1,16,16,1,2,0,1,16,33,0,11,0,22,142,25,3,10,12,0,0,19,4,1,14,53,53,45,4,23,4,8,0,0,6,133,13,3,1,9,14,3,11,18,18,21,15,1,5,67,0,4,19,30,0,14,112,80,24,14,14,16,12,32,32,82,3,3,27,0,7,6,13,1,33,23,6,4,19,1,2,14,2,88,71,35,0,36,17,5,6,4,2,66,48,42,5,1,18,15,3,42,13,1,7,2,3,29,25,1,3,73,5,0,4,1,68,8,18,21,3,2,16
E01032564,519,41,27,0,9,7,0,2,1,0,8,14,0,5,0,9,74,10,0,2,8,0,0,24,4,3,17,22,22,18,3,8,1,3,0,0,3,49,11,3,0,8,7,2,5,4,4,11,9,0,2,16,0,1,5,6,0,4,67,51,12,17,3,16,3,16,16,61,2,2,21,2,5,3,10,1,22,18,4,0,16,0,1,14,1,64,53,25,1,27,11,1,5,5,0,62,54,49,2,3,8,6,2,32,6,2,2,1,1,26,24,1,1,69,3,0,2,1,66,9,21,11,9,5,11
E01032565,538,52,36,1,4,18,0,2,0,0,11,16,0,9,1,6,70,10,2,1,6,0,1,31,6,2,23,10,10,19,1,11,3,2,2,0,0,56,7,3,0,4,7,1,6,6,6,11,4,4,3,25,0,1,12,7,0,5,66,53,19,11,5,14,4,13,13,70,2,2,22,0,11,5,6,0,38,20,6,12,8,0,2,6,0,77,70,36,1,33,7,0,6,1,0,58,40,36,1,3,18,17,1,25,10,2,3,1,4,15,13,1,1,64,3,0,2,1,61,10,24,9,2,8,8
E01032579,725,56,29,2,5,13,2,0,0,0,7,27,0,13,0,14,108,14,0,2,12,0,0,14,3,0,11,48,48,32,0,17,1,4,2,0,8,135,5,3,2,0,16,3,13,6,6,66,50,10,6,42,0,2,11,16,0,13,81,59,9,12,21,14,3,22,22,57,3,3,8,2,3,1,2,0,11,9,2,0,35,3,0,31,1,82,55,16,1,38,27,6,15,5,1,61,52,45,6,1,9,9,0,24,6,1,0,2,3,18,13,3,2,121,5,0,1,4,116,11,26,31,3,8,37
E01033320,762,71,49,1,5,22,7,3,0,1,10,22,0,7,2,13,190,40,4,9,25,1,1,40,16,8,16,52,52,58,8,23,1,11,0,1,14,148,17,3,3,11,13,2,11,8,8,35,29,4,2,75,0,2,22,26,0,25,111,78,17,19,11,21,10,33,33,50,0,0,16,0,4,1,10,1,14,11,3,0,20,2,1,16,1,50,39,14,0,25,11,2,3,6,0,62,42,36,0,6,20,18,2,19,3,1,1,0,1,16,14,0,2,61,7,2,5,0,54,8,16,5,1,1,23
E01033322,829,90,64,4,8,27,6,7,0,0,12,26,1,10,0,15,246,54,3,6,43,2,0,36,20,2,14,42,42,114,8,74,4,7,3,1,17,200,8,2,1,5,9,3,6,7,7,43,37,3,3,133,0,3,56,47,0,27,92,60,19,18,7,11,5,32,32,40,0,0,14,1,1,4,8,0,11,5,6,0,15,0,2,12,1,50,37,20,0,17,13,5,5,1,2,44,36,30,2,4,8,8,0,21,9,3,1,3,2,12,7,1,4,46,4,0,3,1,42,1,14,5,0,6,16
E01033324,815,76,40,5,7,20,1,1,0,2,4,36,0,14,1,21,213,35,2,6,23,0,4,26,11,5,10,59,59,93,12,33,18,8,4,2,16,151,9,5,1,3,13,4,9,3,3,82,69,12,1,44,0,2,14,16,1,11,104,82,17,26,10,12,17,22,22,54,4,4,14,0,3,3,6,2,13,8,5,0,23,3,0,18,2,61,44,21,0,23,17,7,3,6,1,72,59,52,5,2,13,12,1,21,5,0,2,3,0,16,12,1,3,63,4,1,1,2,59,5,17,12,2,3,20
E01033325,989,136,102,9,10,42,19,3,0,2,17,34,1,11,0,22,384,143,8,13,120,1,1,27,18,5,4,41,41,173,31,105,11,0,0,5,21,260,17,5,0,12,3,2,1,9,9,48,28,13,7,183,1,6,103,42,0,31,76,57,3,24,12,10,8,19,19,26,0,0,7,0,0,1,6,0,4,3,1,0,15,1,1,11,2,24,10,4,0,6,14,10,3,0,1,44,28,24,3,1,16,13,3,5,2,0,0,2,0,3,2,1,0,34,2,0,1,1,32,2,3,5,2,0,20
E01033327,869,87,42,1,3,19,4,0,0,2,13,45,0,14,5,26,196,42,4,6,31,1,0,25,13,3,9,65,65,64,7,29,5,9,3,0,11,182,14,5,2,7,16,8,8,4,4,83,56,26,1,65,0,1,24,31,0,9,92,74,17,12,11,27,7,18,18,61,1,1,18,0,1,1,15,1,17,14,2,1,25,0,0,25,0,66,38,20,1,17,28,10,12,3,3,69,42,35,4,3,27,24,3,18,10,1,1,3,5,8,6,1,1,98,6,0,4,2,92,1,16,16,1,1,57
E01033341,612,53,27,0,1,12,3,0,0,0,11,26,0,14,0,12,131,20,2,3,14,0,1,33,10,0,23,41,41,37,4,17,1,3,3,2,7,101,11,3,0,8,5,0,5,3,3,33,22,10,1,49,1,1,13,19,0,15,56,45,13,12,5,12,3,11,11,59,1,1,14,0,3,3,6,2,15,11,4,0,29,1,1,25,2,60,40,19,0,21,20,11,1,4,4,55,47,39,2,6,8,8,0,23,6,0,3,0,3,17,15,1,1,74,8,2,5,1,66,4,17,6,2,3,34
