OA11CD,Rural Urban,All categories: Ethnic group,White,White: English/Welsh/Scottish/Northern Irish/British,White: Irish,White: Gypsy or Irish Traveller,White: Other White,Mixed,Mixed/multiple ethnic group: White and Black Caribbean,Mixed/multiple ethnic group: White and Black African,Mixed/multiple ethnic group: White and Asian,Mixed/multiple ethnic group: Other Mixed,Asian,Asian/Asian British: Indian,Asian/Asian British: Pakistani,Asian/Asian British: Bangladeshi,Asian/Asian British: Chinese,Asian/Asian British: Other Asian,Black,Black/African/Caribbean/Black British: African,Black/African/Caribbean/Black British: Caribbean,Black/African/Caribbean/Black British: Other Black,Other,Other ethnic group: Arab,Other ethnic group: Any other ethnic group
E00016403,Total,366,90,51,2,0,37,29,5,13,3,8,46,5,0,3,15,23,192,144,33,15,9,3,6
E00016437,Total,538,155,100,8,0,47,38,12,12,5,9,81,12,4,0,31,34,251,161,55,35,13,6,7
E00016439,Total,371,139,80,9,4,46,16,3,7,0,6,23,2,0,0,6,15,185,110,34,41,8,0,8
E00016442,Total,354,81,47,5,0,29,32,9,9,2,12,47,3,2,7,7,28,184,142,20,22,10,3,7
E00016399,Total,466,164,132,7,0,25,38,11,17,1,9,55,8,10,0,9,28,200,133,36,31,9,2,7
E00016401,Total,342,133,89,2,0,42,25,8,5,3,9,50,5,1,0,29,15,118,74,30,14,16,2,14
E00016406,Total,333,96,74,1,0,21,32,8,14,3,7,39,2,0,6,13,18,153,95,33,25,13,9,4
E00016435,Total,418,181,133,8,0,40,40,16,10,7,7,69,1,3,5,25,35,120,59,42,19,8,5,3
E00016395,Total,284,146,100,6,0,40,15,7,5,0,3,31,3,0,4,9,15,85,58,18,9,7,7,0
E00016404,Total,368,207,121,8,1,77,25,10,8,4,3,83,17,3,0,32,31,44,23,17,4,9,5,4
E00016405,Total,301,182,92,5,0,85,12,2,3,5,2,63,8,1,2,25,27,37,15,10,12,7,3,4
E00016408,Total,148,98,66,7,0,25,14,5,3,0,6,14,3,2,0,7,2,12,12,0,0,10,8,2
E00016410,Total,329,222,140,12,0,70,29,6,12,9,2,52,6,0,0,26,20,20,12,7,1,6,2,4
E00016438,Total,243,150,59,7,0,84,7,1,1,1,4,50,10,3,2,17,18,24,13,9,2,12,4,8
E00016398,Total,255,129,109,4,0,16,25,9,10,0,6,16,1,0,0,2,13,85,46,28,11,0,0,0
E00016431,Total,237,125,90,3,1,31,21,10,7,0,4,12,1,0,0,1,10,60,34,23,3,19,4,15
E00016432,Total,349,208,142,7,0,59,16,4,5,0,7,70,11,2,0,29,28,45,29,14,2,10,6,4
E00016434,Total,407,102,66,0,1,35,30,17,3,3,7,51,1,1,8,27,14,211,144,53,14,13,1,12
E00173943,Total,349,170,115,6,0,49,27,14,3,1,9,13,0,0,0,8,5,127,61,50,16,12,0,12
E00173946,Total,331,210,99,3,0,108,24,8,3,6,7,67,9,1,0,44,13,24,11,11,2,6,3,3
E00016397,Total,483,238,136,7,0,95,33,5,1,8,19,133,19,2,5,79,28,76,53,13,10,3,2,1
E00016433,Total,297,179,133,5,0,41,13,10,2,0,1,33,5,0,0,23,5,66,34,21,11,6,3,3
E00016436,Total,206,74,40,2,1,31,18,12,5,1,0,22,0,0,0,16,6,87,54,30,3,5,0,5
E00016440,Total,332,81,49,4,0,28,12,6,0,2,4,43,0,0,0,15,28,192,149,17,26,4,3,1
E00016441,Total,437,181,105,6,2,68,25,12,1,2,10,41,1,3,0,26,11,183,126,38,19,7,2,5
E00016412,Total,347,151,92,7,0,52,17,9,0,0,8,67,10,2,0,41,14,109,46,40,23,3,0,3
E00016414,Total,341,126,86,3,0,37,28,10,7,7,4,41,1,5,0,20,15,137,71,49,17,9,0,9
E00016418,Total,403,163,124,3,0,36,40,15,9,2,14,55,10,0,4,24,17,137,74,49,14,8,0,8
E00016422,Total,348,81,64,4,0,13,14,4,1,4,5,52,0,1,0,27,24,186,109,46,31,15,0,15
E00016402,Total,305,108,89,1,0,18,20,5,3,0,12,32,0,2,1,12,17,141,110,24,7,4,3,1
E00016407,Total,254,104,49,2,0,53,19,8,2,3,6,42,10,0,3,16,13,78,55,13,10,11,4,7
E00016409,Total,388,108,71,3,0,34,36,19,3,4,10,80,0,1,2,25,52,153,98,38,17,11,0,11
E00016411,Total,373,182,120,6,0,56,15,8,2,0,5,54,13,0,6,17,18,104,61,32,11,18,12,6
E00016413,Total,302,131,96,3,0,32,13,6,5,0,2,45,0,0,0,10,35,103,72,15,16,10,0,10
E00016415,Total,340,105,71,1,1,32,29,7,1,4,17,53,12,0,10,9,22,145,93,32,20,8,1,7
E00016416,Total,263,95,79,6,0,10,21,10,4,5,2,45,0,0,0,16,29,94,62,17,15,8,0,8
E00016419,Total,361,102,84,2,0,16,15,14,0,0,1,63,0,1,0,19,43,171,114,21,36,10,0,10
E00016420,Total,345,87,57,3,0,27,25,8,6,1,10,55,3,1,0,16,35,164,109,41,14,14,2,12
E00173947,Total,317,82,51,4,0,27,23,7,4,0,12,54,1,5,0,24,24,146,78,36,32,12,0,12
E00173948,Total,377,128,56,4,0,68,37,19,2,3,13,71,6,0,12,32,21,117,43,51,23,24,4,20
E00016417,Total,351,96,75,1,1,19,30,9,8,6,7,73,0,0,8,44,21,142,77,44,21,10,4,6
E00016421,Total,299,56,42,0,0,14,13,7,2,2,2,73,1,0,5,20,47,148,91,37,20,9,2,7
E00016423,Total,361,85,67,2,0,16,19,5,13,1,0,77,2,3,11,36,25,164,117,39,8,16,10,6
E00016424,Total,310,71,50,3,0,18,17,9,2,3,3,80,0,6,0,39,35,119,57,48,14,23,10,13
E00016427,Total,236,54,28,0,0,26,15,8,6,1,0,35,0,0,0,14,21,131,85,28,18,1,0,1
E00016396,Total,265,115,94,3,0,18,11,9,0,0,2,42,0,5,0,18,19,93,33,45,15,4,0,4
E00016426,Total,313,118,77,5,0,36,27,10,11,2,4,42,0,1,0,11,30,119,81,19,19,7,0,7
E00016428,Total,342,153,89,6,0,58,12,4,3,1,4,46,2,2,0,25,17,126,84,29,13,5,2,3
E00016429,Total,256,175,160,3,0,12,11,1,3,3,4,32,4,2,0,13,13,36,22,11,3,2,1,1
E00016430,Total,262,68,58,5,0,5,17,10,1,0,6,55,0,3,0,25,27,115,52,45,18,7,4,3
E00016680,Total,219,95,52,1,0,42,25,12,10,0,3,37,9,5,1,2,20,54,38,13,3,8,1,7
E00016716,Total,311,112,41,4,0,67,16,3,8,0,5,19,2,5,1,3,8,157,111,19,27,7,5,2
E00016717,Total,183,92,47,0,0,45,14,2,9,1,2,13,4,1,2,4,2,52,38,10,4,12,2,10
E00016719,Total,244,52,37,5,0,10,16,2,8,1,5,18,0,0,0,13,5,153,86,50,17,5,2,3
E00016720,Total,328,143,57,7,0,79,38,3,26,2,7,21,1,0,3,5,12,126,94,27,5,0,0,0
E00016725,Total,253,117,41,2,0,74,32,2,23,4,3,14,5,0,0,1,8,88,58,23,7,2,1,1
E00016706,Total,246,102,75,4,0,23,25,18,0,5,2,11,2,1,0,0,8,88,48,28,12,20,1,19
E00016708,Total,349,148,116,2,0,30,23,11,0,3,9,17,1,0,0,7,9,147,68,54,25,14,2,12
E00016709,Total,394,208,169,3,0,36,17,10,0,3,4,53,4,3,0,22,24,108,44,44,20,8,2,6
E00016714,Total,306,147,106,3,0,38,33,16,6,5,6,22,10,0,0,9,3,83,47,23,13,21,3,18
E00016715,Total,328,178,140,5,0,33,23,11,3,5,4,21,3,5,2,10,1,90,45,38,7,16,3,13
E00016675,Total,233,126,65,3,0,58,7,4,0,2,1,23,6,0,2,5,10,72,35,19,18,5,0,5
E00016677,Total,522,274,166,11,0,97,28,4,3,10,11,117,12,2,5,58,40,86,52,25,9,17,8,9
E00016683,Total,310,155,84,5,0,66,21,3,8,0,10,42,5,1,1,16,19,82,60,10,12,10,3,7
E00016697,Total,367,97,64,5,0,28,28,12,1,9,6,50,1,4,12,4,29,181,109,54,18,11,7,4
E00173940,Total,346,150,121,10,0,19,32,16,7,4,5,33,2,6,0,17,8,120,62,50,8,11,8,3
E00173949,Total,388,154,96,0,0,58,31,4,10,3,14,71,8,1,0,32,30,120,79,25,16,12,0,12
E00016684,Total,234,118,65,7,0,46,10,0,7,0,3,36,7,0,0,17,12,64,38,15,11,6,0,6
E00016687,Total,181,97,61,2,0,34,12,2,1,4,5,32,5,2,1,7,17,35,29,1,5,5,0,5
E00016694,Total,327,111,72,1,0,38,28,18,3,0,7,55,6,0,0,23,26,124,66,48,10,9,4,5
E00016718,Total,256,47,39,0,0,8,21,13,3,3,2,31,0,3,2,10,16,151,71,60,20,6,1,5
E00016721,Total,242,54,39,2,0,13,14,7,3,0,4,21,8,0,0,6,7,151,90,47,14,2,0,2
E00016723,Total,269,66,46,1,0,19,17,8,1,4,4,30,2,6,0,13,9,148,79,51,18,8,2,6
E00016679,Total,318,178,157,5,0,16,23,11,5,3,4,20,3,0,4,5,8,92,39,44,9,5,1,4
E00016689,Total,262,133,107,5,0,21,23,13,1,4,5,15,1,0,0,3,11,90,36,39,15,1,0,1
E00016693,Total,353,165,116,6,0,43,16,8,5,0,3,53,4,0,7,19,23,106,54,36,16,13,0,13
E00016701,Total,224,119,80,6,0,33,5,1,2,1,1,15,1,0,0,5,9,73,48,17,8,12,1,11
E00173939,Total,215,64,46,4,0,14,20,11,4,4,1,1,0,0,0,0,1,122,88,27,7,8,5,3
E00016210,Total,337,174,128,12,0,34,18,13,1,0,4,27,0,0,5,12,10,106,59,39,8,12,2,10
E00016239,Total,325,186,136,5,1,44,23,9,4,4,6,27,1,1,0,11,14,82,55,21,6,7,2,5
E00016240,Total,174,56,43,1,1,11,12,5,4,1,2,16,1,0,12,0,3,86,48,26,12,4,0,4
E00016241,Total,292,120,92,5,0,23,8,5,1,1,1,41,5,1,5,22,8,117,69,37,11,6,4,2
E00016245,Total,271,60,45,2,0,13,24,11,8,2,3,43,6,1,1,14,21,133,115,11,7,11,1,10
E00016211,Total,263,100,62,10,1,27,22,14,1,0,7,11,1,0,4,5,1,118,54,47,17,12,1,11
E00016213,Total,372,142,97,8,1,36,36,18,13,2,3,22,2,0,1,6,13,161,61,73,27,11,1,10
E00016244,Total,358,160,112,12,0,36,36,18,5,9,4,27,6,1,0,5,15,121,62,30,29,14,0,14
E00016250,Total,278,117,70,20,2,25,24,12,9,0,3,22,0,0,5,0,17,111,56,37,18,4,3,1
E00174011,Total,107,49,32,3,0,14,8,1,1,5,1,32,1,8,1,6,16,13,3,8,2,5,1,4
E00174032,Total,498,292,199,13,1,79,59,36,8,10,5,25,3,1,0,12,9,88,35,23,30,34,0,34
E00174033,Total,131,65,52,3,0,10,17,10,3,0,4,0,0,0,0,0,0,42,12,17,13,7,1,6
E00016216,Total,334,252,195,6,0,51,15,5,2,3,5,18,4,4,1,2,7,47,24,12,11,2,0,2
E00016236,Total,379,247,145,9,1,92,33,11,8,2,12,31,7,4,7,6,7,56,32,8,16,12,2,10
E00016246,Total,355,181,136,8,1,36,19,4,1,6,8,42,5,0,6,1,30,110,79,12,19,3,1,2
E00016248,Total,314,226,156,11,1,58,15,7,0,5,3,21,2,0,0,10,9,51,19,26,6,1,1,0
E00016252,Total,364,207,168,9,0,30,28,15,4,6,3,21,0,0,0,3,18,105,42,44,19,3,2,1
E00016214,Total,381,202,153,4,0,45,37,6,6,14,11,15,7,0,0,4,4,120,43,59,18,7,0,7
E00016215,Total,312,171,133,7,0,31,21,14,0,0,7,13,1,1,3,4,4,98,27,55,16,9,0,9
E00016217,Total,403,211,178,9,0,24,35,8,8,10,9,26,1,0,1,9,15,117,34,61,22,14,4,10
E00016237,Total,294,176,121,11,1,43,14,1,2,3,8,32,2,2,0,11,17,65,34,23,8,7,1,6
E00016247,Total,279,184,154,6,0,24,22,6,3,7,6,5,0,0,1,0,4,65,33,23,9,3,0,3
E00016253,Total,307,172,122,6,0,44,21,15,5,1,0,17,1,0,0,14,2,82,24,45,13,15,0,15
E00016209,Total,430,190,137,7,1,45,35,18,8,4,5,55,2,9,0,28,16,145,77,49,19,5,3,2
E00016235,Total,280,163,106,5,0,52,25,4,3,12,6,41,6,0,0,9,26,47,31,9,7,4,0,4
E00016238,Total,390,239,176,14,0,49,26,4,3,7,12,43,2,5,4,18,14,79,36,29,14,3,2,1
E00173941,Total,581,342,257,6,1,78,52,9,4,29,10,97,10,9,7,36,35,59,31,17,11,31,24,7
E00173942,Total,269,118,45,9,1,63,21,2,1,16,2,64,6,0,1,31,26,50,31,11,8,16,11,5
E00016881,Total,232,80,59,7,0,14,21,6,2,0,13,36,1,2,5,13,15,92,55,29,8,3,0,3
E00016915,Total,283,96,51,4,0,41,24,10,7,1,6,19,3,0,1,3,12,130,88,23,19,14,4,10
E00016916,Total,359,106,77,7,0,22,24,18,2,0,4,21,0,0,0,17,4,188,115,51,22,20,5,15
E00016920,Total,333,125,78,11,6,30,9,0,6,1,2,47,2,1,20,12,12,136,82,27,27,16,8,8
E00173950,Total,264,94,50,4,0,40,14,1,0,3,10,55,2,0,2,30,21,91,31,44,16,10,4,6
E00173951,Total,313,79,54,5,0,20,27,11,7,4,5,56,7,0,5,9,35,148,78,53,17,3,0,3
E00016921,Total,302,127,88,10,0,29,29,8,4,10,7,31,3,0,0,15,13,91,36,26,29,24,6,18
E00016922,Total,314,176,115,16,1,44,17,5,2,1,9,15,4,0,0,6,5,98,45,39,14,8,6,2
E00016923,Total,377,201,158,3,1,39,39,6,5,14,14,21,2,0,0,6,13,94,62,20,12,22,14,8
E00016925,Total,430,289,205,37,0,47,18,4,2,5,7,19,3,0,0,15,1,61,25,20,16,43,25,18
E00016926,Total,337,110,82,9,0,19,30,12,4,8,6,23,0,0,0,12,11,164,63,59,42,10,9,1
E00016917,Total,483,312,207,7,1,97,27,4,0,13,10,30,11,1,0,9,9,67,42,16,9,47,20,27
E00016918,Total,368,273,203,6,0,64,29,11,5,9,4,18,3,4,0,6,5,33,20,10,3,15,7,8
E00016919,Total,328,211,152,4,0,55,24,11,4,4,5,15,5,1,2,1,6,69,24,29,16,9,3,6
E00016924,Total,427,301,228,7,2,64,29,11,7,5,6,29,1,0,5,12,11,63,33,21,9,5,1,4
E00016927,Total,300,226,156,11,0,59,15,6,1,7,1,18,1,0,0,1,16,34,20,10,4,7,1,6
E00016879,Total,444,304,257,9,0,38,38,12,6,2,18,23,2,0,0,16,5,62,21,27,14,17,5,12
E00016884,Total,346,251,193,12,1,45,34,7,6,7,14,14,5,1,0,3,5,40,8,22,10,7,1,6
E00016886,Total,348,254,199,6,0,49,18,5,0,5,8,23,1,0,0,12,10,43,6,21,16,10,0,10
E00016893,Total,370,238,201,7,0,30,41,22,3,10,6,19,7,0,0,12,0,65,23,32,10,7,1,6
E00016885,Total,275,188,144,10,1,33,30,8,6,6,10,10,1,0,0,4,5,34,17,17,0,13,5,8
E00016887,Total,216,162,138,8,0,16,13,2,3,3,5,17,0,3,0,10,4,20,5,12,3,4,0,4
E00016889,Total,290,150,111,9,1,29,17,6,3,5,3,30,1,5,5,9,10,89,34,36,19,4,1,3
E00016890,Total,295,116,63,8,0,45,31,11,4,3,13,25,4,0,2,4,15,111,56,26,29,12,1,11
E00016895,Total,280,198,162,9,0,27,23,8,8,5,2,19,2,0,1,6,10,36,8,17,11,4,2,2
E00016159,Total,271,203,158,16,0,29,14,1,8,4,1,20,12,0,0,8,0,32,12,13,7,2,0,2
E00016173,Total,302,224,190,6,0,28,25,12,4,2,7,12,1,5,0,1,5,37,16,14,7,4,0,4
E00016176,Total,317,267,228,9,0,30,20,2,0,12,6,24,9,0,0,12,3,4,2,0,2,2,0,2
E00016184,Total,245,187,140,5,0,42,7,3,3,1,0,31,16,1,0,8,6,17,9,6,2,3,0,3
E00016186,Total,310,220,168,10,0,42,13,3,1,6,3,45,27,0,0,6,12,28,15,10,3,4,0,4
E00016188,Total,283,227,183,9,0,35,15,10,2,3,0,16,6,0,0,7,3,21,5,16,0,4,0,4
E00016164,Total,359,224,170,5,0,49,21,16,1,0,4,13,2,0,0,3,8,91,28,52,11,10,1,9
E00016170,Total,323,152,93,13,0,46,37,12,7,6,12,49,13,1,1,22,12,68,31,28,9,17,2,15
E00016175,Total,315,204,163,8,0,33,16,3,4,5,4,21,7,0,0,9,5,74,25,35,14,0,0,0
E00016181,Total,332,187,153,8,0,26,45,28,5,5,7,9,5,1,0,2,1,76,27,22,27,15,5,10
E00016182,Total,335,264,219,7,0,38,29,5,8,11,5,7,3,0,0,3,1,34,14,18,2,1,0,1
E00016162,Total,257,213,190,4,0,19,11,3,0,5,3,16,5,0,0,5,6,11,4,5,2,6,3,3
E00016198,Total,277,167,123,10,0,34,10,1,4,2,3,29,4,2,3,7,13,66,43,16,7,5,2,3
E00016202,Total,304,105,78,3,0,24,28,14,9,0,5,39,2,5,2,14,16,127,60,51,16,5,1,4
E00016205,Total,262,248,212,5,1,30,5,0,2,2,1,4,0,0,0,2,2,3,2,1,0,2,0,2
E00016208,Total,291,186,149,5,0,32,33,11,3,1,18,9,0,0,1,2,6,48,11,16,21,15,2,13
E00016199,Total,307,132,104,6,0,22,25,13,7,1,4,40,7,1,2,11,19,106,57,30,19,4,0,4
E00016200,Total,199,39,31,4,0,4,17,12,0,0,5,27,4,2,0,6,15,109,71,17,21,7,3,4
E00016201,Total,165,54,32,5,0,17,9,6,3,0,0,17,0,0,1,5,11,74,38,24,12,11,0,11
E00016203,Total,300,102,85,6,1,10,22,14,2,5,1,30,2,0,3,18,7,140,75,40,25,6,2,4
E00016207,Total,361,151,125,5,0,21,34,21,6,0,7,34,6,5,3,11,9,132,39,64,29,10,7,3
E00016163,Total,332,223,170,5,0,48,35,14,3,2,16,15,1,0,0,8,6,46,13,13,20,13,2,11
E00016165,Total,275,232,174,5,0,53,11,4,0,1,6,13,3,0,0,9,1,13,1,4,8,6,1,5
E00016168,Total,178,153,127,2,0,24,5,3,1,1,0,6,1,0,0,2,3,11,3,2,6,3,0,3
E00016169,Total,291,234,205,4,0,25,11,2,0,4,5,20,2,0,6,5,7,13,6,5,2,13,1,12
E00016172,Total,249,120,79,4,0,37,23,12,0,0,11,34,10,3,1,7,13,51,12,29,10,21,2,19
E00016177,Total,257,204,175,3,0,26,16,2,1,5,8,14,3,0,0,5,6,18,1,4,13,5,0,5
E00016219,Total,264,173,133,4,0,36,22,9,8,1,4,2,0,0,0,0,2,58,27,21,10,9,1,8
E00016220,Total,276,186,145,7,0,34,24,4,8,11,1,15,6,0,0,1,8,44,11,22,11,7,3,4
E00016221,Total,312,188,149,3,3,33,27,12,7,2,6,20,3,6,0,0,11,76,27,33,16,1,1,0
E00016223,Total,224,157,125,6,1,25,19,9,1,1,8,9,0,0,0,5,4,39,9,18,12,0,0,0
E00016225,Total,264,163,118,2,0,43,20,7,2,7,4,13,1,1,0,8,3,63,32,28,3,5,4,1
E00016255,Total,226,170,123,5,0,42,11,4,2,1,4,15,6,0,0,8,1,26,8,6,12,4,0,4
E00016218,Total,248,171,114,6,0,51,14,4,1,0,9,24,2,3,6,9,4,36,14,17,5,3,3,0
E00016222,Total,362,197,152,5,1,39,32,9,2,3,18,19,4,0,2,8,5,103,46,46,11,11,2,9
E00016224,Total,335,238,184,6,0,48,28,7,3,6,12,23,7,3,0,7,6,46,18,21,7,0,0,0
E00016226,Total,331,208,133,17,1,57,17,4,1,5,7,18,5,0,2,4,7,85,33,41,11,3,2,1
E00016227,Total,372,267,197,10,0,60,17,4,4,3,6,44,6,2,3,18,15,41,13,20,8,3,1,2
E00016228,Total,290,193,147,6,0,40,27,13,4,8,2,11,6,0,0,0,5,54,10,32,12,5,0,5
E00016229,Total,431,278,219,11,0,48,40,15,11,4,10,17,6,0,0,4,7,85,33,36,16,11,2,9
E00016230,Total,352,215,171,10,0,34,30,8,4,3,15,16,5,0,0,1,10,85,21,46,18,6,3,3
E00016231,Total,312,138,108,4,0,26,22,12,3,2,5,20,6,0,8,0,6,124,52,58,14,8,1,7
E00016232,Total,309,155,113,3,0,39,23,11,6,5,1,26,12,0,0,1,13,98,43,36,19,7,5,2
E00016233,Total,368,135,92,11,0,32,37,19,3,0,15,21,4,1,5,0,11,169,73,84,12,6,4,2
E00016212,Total,326,190,155,6,0,29,15,5,0,5,5,18,5,0,0,10,3,95,54,35,6,8,0,8
E00016249,Total,247,116,102,7,0,7,31,14,11,5,1,20,3,0,1,12,4,73,29,30,14,7,4,3
E00016254,Total,324,222,183,11,0,28,20,8,2,3,7,24,1,1,7,10,5,46,19,25,2,12,1,11
E00173952,Total,243,149,114,7,1,27,16,4,2,5,5,18,0,0,0,10,8,54,28,20,6,6,0,6
E00174016,Total,243,135,111,7,0,17,9,3,1,1,4,30,2,0,8,14,6,57,31,19,7,12,2,10
E00174022,Total,214,148,122,4,0,22,10,2,1,3,4,15,2,0,0,8,5,33,13,15,5,8,2,6
E00174008,Total,219,147,107,8,0,32,5,1,0,1,3,53,36,1,0,13,3,10,5,5,0,4,1,3
E00174010,Total,204,111,66,11,0,34,9,2,2,3,2,68,48,1,1,14,4,11,10,1,0,5,1,4
E00174013,Total,227,143,81,10,0,52,12,3,5,2,2,58,36,1,1,10,10,11,11,0,0,3,2,1
E00174015,Total,181,121,69,9,1,42,7,2,0,3,2,39,25,6,1,6,1,7,3,4,0,7,3,4
E00174025,Total,216,134,72,12,0,50,9,0,2,2,5,64,45,0,0,12,7,3,3,0,0,6,1,5
E00174027,Total,158,113,74,4,0,35,4,0,0,1,3,33,16,1,0,12,4,5,5,0,0,3,2,1
E00016178,Total,264,180,143,7,0,30,19,12,1,3,3,9,0,3,0,0,6,56,22,21,13,0,0,0
E00016179,Total,281,174,142,7,0,25,25,16,1,8,0,13,8,0,1,0,4,65,27,25,13,4,0,4
E00016180,Total,261,197,160,11,1,25,12,2,1,6,3,13,4,2,0,5,2,29,12,13,4,10,1,9
E00016187,Total,351,292,262,3,0,27,10,0,2,4,4,13,2,0,1,5,5,35,16,17,2,1,0,1
E00016189,Total,304,274,237,10,0,27,9,1,0,6,2,7,2,0,1,2,2,13,7,5,1,1,0,1
E00016166,Total,185,163,127,10,0,26,9,5,0,2,2,3,0,0,0,0,3,8,4,4,0,2,1,1
E00016167,Total,295,264,238,6,0,20,3,0,0,2,1,13,0,0,0,13,0,1,0,1,0,14,4,10
E00016171,Total,297,240,195,10,0,35,12,3,1,5,3,36,6,0,0,7,23,5,2,2,1,4,1,3
E00016174,Total,248,228,200,2,0,26,7,1,0,4,2,8,2,0,0,3,3,2,0,0,2,3,0,3
E00016204,Total,266,213,176,5,0,32,15,8,2,0,5,21,7,5,0,8,1,14,3,9,2,3,0,3
E00016206,Total,262,211,185,4,0,22,14,4,2,2,6,25,12,2,0,2,9,4,2,2,0,8,1,7
E00016160,Total,299,235,197,5,1,32,10,2,1,1,6,45,14,6,4,15,6,8,4,1,3,1,0,1
E00016183,Total,256,216,164,9,0,43,11,4,0,5,2,21,7,0,1,5,8,2,0,1,1,6,4,2
E00016185,Total,235,214,181,7,0,26,8,2,2,1,3,1,0,0,0,0,1,12,10,2,0,0,0,0
E00016191,Total,246,214,186,6,0,22,10,5,1,1,3,22,4,0,3,6,9,0,0,0,0,0,0,0
E00016195,Total,258,227,178,9,0,40,12,4,2,5,1,9,3,1,3,1,1,9,4,4,1,1,0,1
E00016197,Total,265,214,159,6,0,49,11,3,1,4,3,20,5,0,0,2,13,18,12,4,2,2,1,1
E00016161,Total,334,270,199,15,0,56,8,3,2,1,2,17,7,0,0,2,8,32,13,15,4,7,0,7
E00016190,Total,241,154,112,13,0,29,13,10,0,1,2,17,2,1,0,5,9,51,19,30,2,6,0,6
E00016192,Total,309,183,134,7,0,42,23,6,4,2,11,27,1,0,0,9,17,72,38,21,13,4,2,2
E00016193,Total,247,147,91,7,0,49,10,2,0,1,7,50,19,0,2,22,7,37,25,5,7,3,2,1
E00016194,Total,260,132,81,2,0,49,28,23,4,0,1,20,7,0,0,7,6,74,33,33,8,6,0,6
E00016196,Total,378,233,190,8,0,35,17,5,1,1,10,29,4,0,4,6,15,87,55,25,7,12,9,3
E00016905,Total,296,119,88,5,0,26,21,10,1,3,7,19,2,2,2,12,1,130,34,70,26,7,1,6
E00016907,Total,314,146,123,7,0,16,33,8,4,8,13,31,0,4,6,7,14,95,25,67,3,9,4,5
E00016908,Total,226,59,48,5,0,6,22,5,4,7,6,16,3,0,0,6,7,125,46,69,10,4,2,2
E00016910,Total,318,60,35,0,0,25,22,7,9,2,4,16,5,0,0,5,6,211,105,67,39,9,2,7
E00016912,Total,224,51,36,0,0,15,25,16,5,1,3,13,0,0,0,2,11,130,64,52,14,5,0,5
E00016909,Total,405,97,73,0,0,24,40,6,19,10,5,28,0,4,0,8,16,232,126,65,41,8,0,8
E00016911,Total,443,156,100,3,0,53,37,20,11,0,6,35,4,5,0,6,20,209,100,86,23,6,1,5
E00016913,Total,451,124,89,3,0,32,45,21,17,0,7,29,0,0,0,10,19,239,103,95,41,14,0,14
E00016914,Total,337,101,53,5,0,43,51,10,26,9,6,16,0,0,4,3,9,166,85,43,38,3,0,3
E00016896,Total,300,183,143,2,0,38,23,13,0,6,4,23,4,0,0,15,4,49,15,30,4,22,1,21
E00016898,Total,277,154,118,5,0,31,24,8,5,0,11,32,0,0,1,21,10,63,22,30,11,4,2,2
E00016900,Total,331,200,158,12,0,30,26,9,7,5,5,17,1,3,0,7,6,80,31,28,21,8,0,8
E00016901,Total,207,91,59,0,0,32,14,3,2,1,8,24,3,8,0,6,7,65,38,8,19,13,1,12
E00016904,Total,261,109,68,1,0,40,38,9,9,5,15,12,0,0,0,9,3,90,47,31,12,12,1,11
E00016906,Total,265,149,97,6,0,46,15,5,3,2,5,12,4,2,0,1,5,81,44,29,8,8,1,7
E00016883,Total,354,211,160,6,0,45,24,11,4,2,7,40,3,1,0,23,13,66,24,27,15,13,0,13
E00016888,Total,326,187,146,7,0,34,17,7,7,2,1,20,4,0,0,6,10,89,49,27,13,13,2,11
E00016891,Total,392,179,149,8,0,22,24,9,3,3,9,27,7,0,9,10,1,140,60,49,31,22,2,20
E00016892,Total,305,170,129,5,0,36,24,9,3,5,7,34,2,2,1,18,11,61,19,29,13,16,0,16
E00016894,Total,354,179,137,10,0,32,37,15,6,6,10,29,3,0,0,18,8,87,31,41,15,22,0,22
E00016880,Total,347,175,142,6,0,27,25,17,3,0,5,25,0,3,0,12,10,109,35,52,22,13,1,12
E00016897,Total,403,201,150,9,0,42,26,5,2,11,8,59,5,6,2,22,24,98,50,34,14,19,1,18
E00016899,Total,308,146,100,1,1,44,24,7,4,5,8,29,3,5,0,16,5,86,25,32,29,23,0,23
E00016902,Total,310,164,120,5,0,39,21,9,6,4,2,24,0,0,2,20,2,83,32,33,18,18,2,16
E00016903,Total,346,224,159,9,1,55,20,9,2,4,5,17,1,0,0,4,12,75,30,36,9,10,3,7
E00016564,Total,340,164,129,7,0,28,14,7,2,1,4,56,1,5,0,11,39,102,16,72,14,4,0,4
E00016567,Total,213,73,54,2,0,17,27,17,4,4,2,21,4,0,0,6,11,81,40,36,5,11,2,9
E00016569,Total,322,174,123,10,0,41,29,17,2,7,3,55,16,7,0,7,25,59,22,25,12,5,1,4
E00016571,Total,308,189,143,10,0,36,22,6,5,3,8,46,2,0,0,7,37,42,18,10,14,9,4,5
E00173700,Total,392,134,81,3,0,50,78,38,0,37,3,93,42,0,0,9,42,80,55,19,6,7,0,7
E00173702,Total,425,161,101,1,1,58,95,47,4,43,1,103,45,3,0,2,53,64,44,20,0,2,1,1
E00016558,Total,244,126,94,11,1,20,16,5,5,1,5,18,7,6,0,0,5,79,35,32,12,5,1,4
E00016561,Total,268,148,107,8,0,33,22,9,7,3,3,7,0,0,0,3,4,89,36,41,12,2,1,1
E00016566,Total,283,149,120,5,0,24,28,7,6,8,7,9,0,1,0,6,2,90,41,39,10,7,2,5
E00016568,Total,316,239,186,10,0,43,21,7,4,2,8,13,3,1,0,6,3,41,7,33,1,2,0,2
E00016572,Total,322,190,152,6,0,32,31,7,9,6,9,12,4,0,0,6,2,85,33,36,16,4,1,3
E00016575,Total,281,194,158,6,0,30,20,6,1,1,12,13,6,0,1,4,2,49,7,26,16,5,2,3
E00016557,Total,201,101,78,3,0,20,10,1,4,0,5,23,4,0,0,10,9,62,32,27,3,5,0,5
E00016559,Total,331,124,67,3,0,54,25,14,1,6,4,45,11,2,3,10,19,124,49,59,16,13,1,12
E00016560,Total,337,161,101,5,0,55,28,9,4,4,11,37,0,1,0,17,19,93,38,33,22,18,4,14
E00016562,Total,347,212,172,6,0,34,17,6,3,0,8,34,12,0,2,19,1,76,32,26,18,8,0,8
E00016563,Total,300,149,96,9,0,44,33,14,3,1,15,33,12,0,1,2,18,78,18,42,18,7,1,6
E00016565,Total,371,174,136,4,0,34,28,16,1,8,3,29,2,0,1,14,12,126,44,60,22,14,4,10
E00016544,Total,320,212,145,16,0,51,20,8,3,8,1,19,7,0,0,1,11,67,28,28,11,2,0,2
E00016574,Total,325,172,138,10,3,21,19,8,4,1,6,42,8,4,2,5,23,81,14,52,15,11,2,9
E00016576,Total,307,186,149,5,0,32,25,9,6,7,3,25,3,0,0,2,20,68,17,37,14,3,2,1
E00016577,Total,373,261,200,13,0,48,23,14,3,1,5,21,5,0,0,6,10,65,27,31,7,3,0,3
E00016578,Total,268,196,154,8,0,34,15,9,0,1,5,25,1,6,0,6,12,26,5,21,0,6,1,5
E00016635,Total,386,216,145,4,0,67,29,14,6,2,7,69,15,10,5,17,22,61,25,20,16,11,1,10
E00016640,Total,310,180,158,7,0,15,20,11,0,1,8,23,10,0,0,11,2,79,18,45,16,8,2,6
E00016641,Total,414,155,120,4,0,31,28,18,1,0,9,58,7,10,8,15,18,161,80,42,39,12,2,10
E00016642,Total,395,159,112,13,0,34,31,18,2,1,10,58,7,0,10,23,18,134,53,57,24,13,2,11
E00016643,Total,305,150,99,6,0,45,19,10,4,2,3,55,5,0,3,37,10,77,30,32,15,4,0,4
E00016630,Total,340,192,148,6,0,38,25,9,2,4,10,37,4,10,1,12,10,84,32,47,5,2,0,2
E00016647,Total,382,135,80,2,0,53,38,20,5,4,9,20,1,0,0,13,6,172,89,49,34,17,0,17
E00016648,Total,331,147,106,6,0,35,38,24,3,5,6,28,1,1,6,6,14,101,31,48,22,17,1,16
E00016649,Total,321,163,105,3,0,55,26,15,4,6,1,17,2,3,1,8,3,103,39,40,24,12,0,12
E00016651,Total,356,185,145,4,1,35,19,8,1,3,7,36,2,0,0,10,24,114,44,59,11,2,1,1
E00016629,Total,391,154,108,6,0,40,38,20,5,3,10,57,6,0,5,33,13,133,64,51,18,9,2,7
E00016650,Total,291,164,126,5,0,33,23,14,2,1,6,8,4,0,0,3,1,84,19,47,18,12,0,12
E00016652,Total,287,115,92,4,0,19,23,17,2,3,1,31,4,6,0,13,8,117,49,60,8,1,0,1
E00016654,Total,267,74,61,2,0,11,27,11,5,2,9,26,5,1,0,4,16,128,53,46,29,12,5,7
E00016657,Total,276,114,93,4,1,16,31,14,9,0,8,16,1,1,5,4,5,110,49,33,28,5,1,4
E00016633,Total,253,137,82,11,0,44,14,5,4,1,4,40,6,0,1,22,11,56,19,32,5,6,0,6
E00016636,Total,237,108,57,3,0,48,4,1,0,0,3,78,59,3,0,14,2,43,32,8,3,4,1,3
E00016638,Total,168,55,24,0,0,31,3,0,0,2,1,61,48,0,0,4,9,45,15,11,19,4,3,1
E00016639,Total,470,185,133,9,2,41,41,19,8,5,9,57,11,0,8,11,27,177,103,61,13,10,0,10
E00016674,Total,272,171,140,3,0,28,11,0,4,2,5,18,4,0,0,7,7,64,33,26,5,8,1,7
E00174018,Total,364,213,116,2,0,95,25,3,0,0,22,93,21,7,1,37,27,21,8,3,10,12,4,8
E00174019,Total,167,83,59,5,0,19,14,5,1,1,7,26,0,1,0,12,13,43,12,24,7,1,0,1
E00174021,Total,115,44,20,1,0,23,8,1,1,2,4,40,37,1,0,1,1,17,11,2,4,6,0,6
E00016628,Total,337,207,144,3,0,60,19,13,1,2,3,31,13,0,2,3,13,71,27,28,16,9,6,3
E00016637,Total,460,173,103,5,0,65,25,13,1,4,7,93,18,6,4,46,19,151,46,80,25,18,7,11
E00174024,Total,250,139,92,10,0,37,18,5,3,4,6,30,13,5,0,5,7,39,16,9,14,24,11,13
E00174029,Total,251,154,110,3,0,41,15,2,0,3,10,38,12,1,0,13,12,38,22,5,11,6,0,6
E00174030,Total,229,137,97,4,0,36,20,6,0,2,12,22,1,0,0,10,11,40,18,15,7,10,1,9
E00016644,Total,504,143,97,4,0,42,53,23,10,3,17,115,36,7,5,53,14,182,79,61,42,11,2,9
E00016645,Total,392,211,145,8,1,57,29,0,6,4,19,32,7,0,0,7,18,81,27,23,31,39,3,36
E00016646,Total,407,181,115,8,0,58,43,9,19,9,6,47,11,0,1,9,26,111,33,46,32,25,3,22
E00016584,Total,620,322,227,9,0,86,60,28,5,1,26,49,11,3,3,18,14,136,48,63,25,53,8,45
E00016596,Total,326,212,151,7,0,54,22,7,2,7,6,35,7,0,14,3,11,53,15,30,8,4,0,4
E00016598,Total,489,310,226,16,0,68,35,13,0,18,4,51,7,0,0,10,34,78,22,49,7,15,1,14
E00016623,Total,366,223,159,12,0,52,44,24,3,7,10,23,6,1,0,2,14,59,7,31,21,17,1,16
E00174036,Total,200,124,93,4,0,27,10,2,2,5,1,18,2,0,0,5,11,43,19,20,4,5,3,2
E00174038,Total,417,217,141,12,0,64,24,7,5,4,8,69,5,0,1,37,26,69,26,32,11,38,29,9
E00016585,Total,271,193,139,4,0,50,12,2,1,2,7,15,6,0,0,5,4,47,21,16,10,4,3,1
E00016593,Total,514,405,335,3,0,67,28,13,2,7,6,30,1,2,2,8,17,42,16,22,4,9,4,5
E00016600,Total,399,351,304,19,0,28,27,12,1,10,4,5,3,0,0,0,2,11,1,9,1,5,1,4
E00016602,Total,348,299,275,2,0,22,14,2,1,6,5,13,4,0,0,4,5,22,3,11,8,0,0,0
E00016624,Total,255,209,162,7,0,40,9,4,2,3,0,19,4,0,5,5,5,17,3,9,5,1,0,1
E00016625,Total,321,270,217,13,1,39,10,3,0,5,2,7,2,0,1,3,1,34,5,24,5,0,0,0
E00016587,Total,447,276,229,11,0,36,39,20,1,10,8,22,2,1,0,7,12,101,48,41,12,9,0,9
E00016594,Total,343,199,162,5,0,32,25,19,0,0,6,28,3,0,0,11,14,90,35,44,11,1,0,1
E00016605,Total,405,249,200,7,0,42,24,12,4,2,6,32,14,5,1,3,9,94,31,46,17,6,0,6
E00016608,Total,211,155,126,5,0,24,8,5,0,0,3,13,4,0,2,7,0,25,0,21,4,10,1,9
E00016626,Total,351,254,227,10,0,17,19,2,5,7,5,26,4,0,2,7,13,42,14,18,10,10,2,8
E00016589,Total,296,238,206,11,0,21,18,0,1,8,9,11,5,0,0,0,6,26,16,8,2,3,2,1
E00016595,Total,260,99,83,2,0,14,14,4,3,4,3,14,2,0,2,0,10,126,69,36,21,7,5,2
E00016597,Total,238,142,116,3,0,23,18,9,3,2,4,20,1,0,0,3,16,57,24,26,7,1,0,1
E00016599,Total,296,188,154,4,0,30,11,6,0,3,2,27,6,2,8,4,7,65,34,27,4,5,0,5
E00016601,Total,344,169,128,6,0,35,24,15,0,2,7,67,4,0,15,18,30,81,21,49,11,3,0,3
E00016607,Total,199,151,123,4,0,24,10,5,0,1,4,10,2,2,0,0,6,27,15,9,3,1,0,1
E00016573,Total,327,261,198,8,0,55,17,9,1,1,6,13,2,0,0,7,4,24,3,19,2,12,3,9
E00016579,Total,336,210,132,11,1,66,26,2,8,4,12,50,14,3,3,12,18,39,19,11,9,11,8,3
E00016580,Total,384,239,175,11,0,53,26,10,2,7,7,21,4,0,0,8,9,85,24,48,13,13,10,3
E00016581,Total,483,268,173,14,0,81,41,13,7,6,15,39,3,7,0,13,16,113,57,31,25,22,7,15
E00016582,Total,436,270,193,14,2,61,29,9,1,6,13,29,5,0,2,11,11,88,29,48,11,20,10,10
E00016546,Total,333,187,132,7,0,48,19,8,1,6,4,54,13,0,5,9,27,68,26,31,11,5,0,5
E00016547,Total,438,261,183,17,0,61,47,16,9,9,13,18,2,2,1,7,6,98,22,49,27,14,0,14
E00016548,Total,343,193,139,14,0,40,31,12,5,6,8,51,5,7,0,4,35,64,18,42,4,4,0,4
E00016550,Total,333,166,110,4,0,52,22,7,10,2,3,32,11,1,1,4,15,104,41,47,16,9,1,8
E00016583,Total,277,161,134,6,0,21,37,21,8,1,7,11,0,0,0,3,8,64,28,28,8,4,0,4
E00016542,Total,366,159,108,3,0,48,23,13,2,4,4,27,6,0,4,2,15,147,67,57,23,10,1,9
E00016552,Total,333,123,96,5,0,22,25,16,3,0,6,54,8,3,1,11,31,118,29,57,32,13,0,13
E00016554,Total,307,165,119,6,0,40,23,11,5,7,0,46,7,1,0,3,35,62,15,32,15,11,5,6
E00016555,Total,373,192,176,6,0,10,18,13,1,1,3,33,1,1,0,10,21,127,34,74,19,3,0,3
E00016556,Total,348,156,99,5,0,52,24,5,2,5,12,47,3,22,0,6,16,97,43,42,12,24,0,24
E00016543,Total,355,191,154,12,1,24,56,28,4,8,16,23,7,0,0,1,15,75,21,39,15,10,0,10
E00016545,Total,349,154,103,2,0,49,49,20,9,5,15,21,5,0,6,1,9,113,37,49,27,12,0,12
E00016549,Total,394,264,196,6,1,61,35,17,6,4,8,21,6,4,0,0,11,64,18,32,14,10,1,9
E00016551,Total,439,250,199,19,0,32,31,14,1,5,11,54,11,34,0,1,8,90,30,55,5,14,1,13
E00016553,Total,367,172,127,6,0,39,30,24,2,2,2,49,13,13,10,4,9,103,15,76,12,13,3,10
E00016335,Total,211,150,117,10,0,23,11,6,0,1,4,11,4,0,0,2,5,36,7,25,4,3,0,3
E00016336,Total,352,181,125,7,0,49,25,5,7,6,7,48,14,10,3,5,16,90,32,47,11,8,5,3
E00016339,Total,314,217,178,6,0,33,15,9,4,0,2,12,5,0,1,5,1,64,12,45,7,6,1,5
E00016340,Total,334,222,198,7,0,17,27,16,0,5,6,25,2,9,0,12,2,47,10,25,12,13,1,12
E00016341,Total,296,198,152,15,0,31,20,10,3,3,4,15,0,4,0,0,11,58,11,33,14,5,1,4
E00016309,Total,311,168,127,7,0,34,34,18,5,4,7,9,0,6,0,1,2,99,34,48,17,1,0,1
E00016323,Total,271,135,102,5,0,28,23,9,2,0,12,1,0,0,0,0,1,99,36,40,23,13,1,12
E00016324,Total,429,236,188,6,0,42,45,25,4,1,15,28,12,6,7,2,1,100,24,42,34,20,6,14
E00016325,Total,303,160,118,2,0,40,20,9,3,3,5,59,14,3,1,7,34,57,34,20,3,7,2,5
E00016327,Total,292,148,108,6,0,34,28,14,4,3,7,20,3,7,2,3,5,89,24,47,18,7,3,4
E00016326,Total,312,177,151,3,0,23,16,4,1,3,8,22,12,0,1,5,4,87,33,34,20,10,0,10
E00016329,Total,399,203,169,13,0,21,42,7,4,27,4,48,6,0,0,7,35,78,32,43,3,28,24,4
E00016332,Total,391,222,167,6,0,49,26,12,2,7,5,47,11,3,5,15,13,66,16,47,3,30,7,23
E00016333,Total,280,167,126,13,0,28,34,11,5,7,11,24,4,4,0,2,14,48,23,22,3,7,6,1
E00016337,Total,337,232,179,12,0,41,21,10,1,8,2,15,5,0,0,0,10,59,8,45,6,10,5,5
E00016311,Total,312,207,178,2,0,27,14,3,0,5,6,24,12,0,1,5,6,58,25,27,6,9,0,9
E00016328,Total,269,178,151,1,0,26,24,8,2,3,11,9,0,0,0,6,3,56,11,30,15,2,1,1
E00016330,Total,256,138,105,7,0,26,25,12,0,0,13,17,1,0,0,5,11,74,21,37,16,2,0,2
E00016331,Total,378,188,124,6,0,58,29,8,6,3,12,58,8,4,0,13,33,102,45,34,23,1,1,0
E00016334,Total,487,271,212,9,0,50,30,3,12,4,11,79,16,36,12,5,10,96,32,45,19,11,0,11
E00016613,Total,393,237,212,3,0,22,17,7,3,2,5,78,10,0,17,13,38,54,17,24,13,7,1,6
E00016614,Total,392,194,156,6,0,32,23,12,6,0,5,72,3,2,10,17,40,95,39,37,19,8,1,7
E00016615,Total,309,181,137,14,0,30,19,2,3,6,8,64,13,4,3,4,40,45,16,21,8,0,0,0
E00016618,Total,267,112,92,4,0,16,23,13,6,1,3,17,1,1,0,6,9,106,60,31,15,9,2,7
E00016621,Total,245,100,88,1,0,11,9,3,2,0,4,15,1,0,2,6,6,119,38,52,29,2,0,2
E00016609,Total,288,198,173,3,0,22,8,0,1,2,5,59,16,0,3,9,31,19,0,12,7,4,1,3
E00016617,Total,345,247,218,4,0,25,20,8,3,5,4,26,9,2,0,7,8,47,21,17,9,5,1,4
E00016619,Total,314,232,206,14,0,12,19,7,4,4,4,22,5,0,0,5,12,38,11,14,13,3,2,1
E00016620,Total,330,207,173,12,0,22,28,15,5,1,7,26,6,1,0,2,17,68,24,34,10,1,1,0
E00016622,Total,257,149,124,6,0,19,16,9,1,4,2,23,2,0,0,6,15,65,30,27,8,4,0,4
E00016588,Total,377,228,185,10,0,33,18,9,4,0,5,60,10,21,0,10,19,64,31,15,18,7,0,7
E00016592,Total,366,256,221,2,0,33,20,4,8,5,3,58,25,2,6,7,18,25,9,16,0,7,1,6
E00016604,Total,207,165,134,6,0,25,7,0,3,0,4,24,11,0,3,4,6,10,2,7,1,1,0,1
E00016611,Total,195,133,103,0,0,30,10,3,2,2,3,29,15,2,0,2,10,17,3,13,1,6,5,1
E00016612,Total,206,153,137,2,0,14,7,3,1,2,1,17,7,0,0,4,6,29,7,17,5,0,0,0
E00016616,Total,257,158,117,2,0,39,10,1,1,4,4,30,2,0,1,13,14,55,33,17,5,4,1,3
E00016590,Total,383,281,217,11,0,53,20,6,3,6,5,31,5,0,0,16,10,45,20,17,8,6,1,5
E00016591,Total,319,251,224,10,0,17,15,2,2,5,6,18,8,0,0,0,10,33,13,12,8,2,0,2
E00016603,Total,485,392,345,17,0,30,25,14,0,8,3,25,3,0,0,12,10,42,7,26,9,1,0,1
E00016606,Total,403,302,249,10,0,43,23,2,5,12,4,42,8,0,0,16,18,31,10,15,6,5,0,5
E00016610,Total,319,234,185,11,0,38,14,3,2,8,1,27,5,1,0,7,14,39,9,24,6,5,1,4
E00016653,Total,295,155,121,6,0,28,18,5,7,6,0,21,3,0,0,10,8,98,11,70,17,3,0,3
E00016655,Total,316,153,87,8,0,58,20,5,3,4,8,54,11,2,0,17,24,81,46,24,11,8,0,8
E00016656,Total,341,160,115,3,0,42,18,3,9,2,4,49,9,0,11,7,22,111,42,40,29,3,0,3
E00016662,Total,266,167,142,8,0,17,13,4,0,6,3,22,2,0,0,6,14,55,13,28,14,9,0,9
E00016664,Total,347,205,153,4,1,47,27,1,10,4,12,43,10,4,0,21,8,63,30,25,8,9,4,5
E00016631,Total,332,176,134,6,1,35,31,7,11,5,8,24,5,0,0,3,16,93,28,46,19,8,1,7
E00016658,Total,227,86,57,3,0,26,13,4,4,2,3,46,5,3,6,0,32,82,35,36,11,0,0,0
E00016659,Total,245,132,104,1,0,27,22,10,2,3,7,25,4,1,0,10,10,61,23,33,5,5,0,5
E00016660,Total,342,158,115,6,0,37,35,9,13,3,10,23,1,0,0,1,21,126,35,72,19,0,0,0
E00016663,Total,372,157,118,5,0,34,30,10,11,1,8,38,6,10,1,4,17,143,60,58,25,4,1,3
E00016632,Total,322,160,121,8,0,31,17,4,5,3,5,28,2,1,1,8,16,105,42,43,20,12,0,12
E00016666,Total,284,171,113,7,1,50,21,3,2,9,7,8,2,0,0,1,5,71,20,40,11,13,7,6
E00016667,Total,420,221,174,9,0,38,23,12,4,0,7,36,4,8,0,14,10,122,41,54,27,18,4,14
E00016669,Total,280,108,84,1,0,23,26,20,1,0,5,30,4,4,0,0,22,110,66,23,21,6,0,6
E00016673,Total,366,177,124,5,0,48,20,7,7,1,5,30,4,5,0,21,0,128,34,62,32,11,5,6
E00016668,Total,241,131,104,6,0,21,18,9,1,2,6,5,0,0,3,1,1,80,25,38,17,7,0,7
E00016670,Total,275,108,86,5,0,17,29,9,5,4,11,22,5,1,0,2,14,106,25,77,4,10,0,10
E00016671,Total,160,114,97,0,0,17,6,3,0,2,1,12,1,5,0,4,2,21,8,8,5,7,0,7
E00016672,Total,361,144,109,2,0,33,17,6,5,0,6,53,9,8,0,10,26,131,43,68,20,16,8,8
E00173708,Total,153,97,62,4,0,31,13,5,3,2,3,29,10,4,0,3,12,12,7,5,0,2,0,2
E00173710,Total,306,138,105,6,0,27,28,11,7,4,6,31,8,7,2,1,13,107,46,47,14,2,0,2
E00016661,Total,297,169,134,14,0,21,18,16,1,0,1,19,3,0,1,1,14,90,30,50,10,1,0,1
E00173936,Total,259,95,70,6,1,18,23,13,2,1,7,23,0,0,0,2,21,114,37,61,16,4,0,4
E00173937,Total,199,120,85,4,0,31,11,4,4,1,2,44,17,3,4,3,17,21,4,11,6,3,1,2
E00173938,Total,301,181,109,6,0,66,26,12,6,5,3,50,23,6,0,3,18,42,27,11,4,2,1,1
E00174035,Total,211,123,79,3,0,41,14,8,2,0,4,36,5,8,3,2,18,31,16,12,3,7,4,3
E00016796,Total,389,115,69,3,2,41,24,9,7,1,7,15,6,1,0,0,8,184,70,70,44,51,1,50
E00016799,Total,380,136,97,3,0,36,8,4,3,0,1,42,2,5,4,10,21,167,61,74,32,27,2,25
E00016804,Total,436,165,119,0,0,46,72,16,11,21,24,62,12,2,0,5,43,115,33,63,19,22,7,15
E00016805,Total,364,154,92,9,0,53,19,6,8,1,4,64,6,3,11,4,40,124,29,72,23,3,0,3
E00016806,Total,262,101,70,8,3,20,28,6,1,15,6,35,1,2,0,8,24,83,23,47,13,15,3,12
E00016781,Total,266,94,78,3,0,13,27,7,7,2,11,10,4,0,0,0,6,133,40,61,32,2,0,2
E00016793,Total,272,79,72,2,0,5,26,22,1,2,1,27,7,0,4,0,16,127,46,67,14,13,7,6
E00016794,Total,230,103,80,4,0,19,30,12,11,3,4,4,0,0,0,2,2,88,29,44,15,5,0,5
E00016801,Total,236,109,68,8,0,33,22,9,1,10,2,7,5,0,1,1,0,96,15,69,12,2,0,2
E00016803,Total,251,101,79,4,0,18,24,16,2,0,6,29,0,0,2,7,20,94,19,66,9,3,0,3
E00016808,Total,239,86,57,6,0,23,22,14,2,1,5,19,1,2,0,5,11,102,41,39,22,10,1,9
E00016813,Total,306,148,102,6,0,40,26,8,7,0,11,20,4,1,0,3,12,103,48,40,15,9,3,6
E00016814,Total,313,144,112,2,0,30,22,13,1,1,7,21,1,0,3,2,15,118,44,50,24,8,1,7
E00016815,Total,283,103,69,3,0,31,10,3,2,4,1,60,0,3,3,5,49,97,38,46,13,13,4,9
E00016818,Total,307,96,66,4,0,26,17,8,3,2,4,18,4,0,0,3,11,157,54,79,24,19,0,19
E00016819,Total,276,128,90,9,0,29,21,9,9,2,1,24,10,0,0,2,12,100,30,57,13,3,0,3
E00016778,Total,370,127,95,5,0,27,27,14,8,2,3,25,6,1,4,10,4,143,54,62,27,48,0,48
E00016788,Total,281,107,81,3,2,21,34,22,4,4,4,15,1,8,1,3,2,118,34,60,24,7,0,7
E00016791,Total,319,121,90,2,1,28,32,18,10,0,4,22,9,2,0,5,6,136,37,70,29,8,1,7
E00016800,Total,252,82,61,4,0,17,26,7,12,4,3,30,4,1,8,8,9,97,41,34,22,17,1,16
E00016820,Total,238,97,64,0,1,32,18,8,2,1,7,22,1,0,0,0,21,100,56,37,7,1,1,0
E00016823,Total,269,110,67,4,8,31,23,8,7,2,6,29,5,0,3,5,16,106,34,52,20,1,0,1
E00016300,Total,323,171,133,1,0,37,30,11,5,7,7,55,9,0,4,16,26,65,27,27,11,2,1,1
E00016310,Total,248,179,145,6,0,28,14,9,1,1,3,7,1,0,0,5,1,46,14,18,14,2,0,2
E00016312,Total,370,248,190,6,0,52,33,8,8,5,12,24,8,3,6,2,5,58,19,35,4,7,0,7
E00016343,Total,361,258,202,14,0,42,23,12,1,4,6,21,1,7,0,9,4,55,14,30,11,4,0,4
E00016344,Total,440,297,226,10,0,61,31,14,1,4,12,46,7,0,2,9,28,60,24,27,9,6,0,6
E00016301,Total,390,270,204,10,0,56,27,7,6,5,9,33,5,19,0,2,7,54,10,39,5,6,4,2
E00016302,Total,275,181,133,3,0,45,27,13,5,6,3,16,7,2,0,2,5,46,19,19,8,5,0,5
E00016316,Total,323,234,195,14,0,25,20,8,6,3,3,11,1,2,0,2,6,49,10,33,6,9,0,9
E00016338,Total,377,227,168,10,0,49,38,10,7,9,12,18,9,0,0,4,5,90,13,60,17,4,1,3
E00016342,Total,293,223,178,9,0,36,11,2,5,4,0,16,3,4,2,6,1,32,10,11,11,11,3,8
E00016303,Total,394,267,223,9,0,35,28,21,2,1,4,15,8,0,0,4,3,78,18,48,12,6,0,6
E00016304,Total,339,238,192,10,0,36,21,4,3,8,6,14,10,0,0,2,2,61,18,17,26,5,2,3
E00016313,Total,225,156,123,7,0,26,17,4,1,6,6,12,5,0,0,3,4,34,15,17,2,6,0,6
E00016318,Total,290,240,205,8,0,27,19,1,4,12,2,8,2,0,0,2,4,23,5,15,3,0,0,0
E00016345,Total,264,186,164,5,0,17,26,6,3,11,6,12,5,0,1,0,6,35,16,15,4,5,0,5
E00016307,Total,329,178,138,6,0,34,21,6,6,2,7,35,7,0,0,11,17,83,41,38,4,12,5,7
E00016314,Total,292,162,117,7,0,38,21,12,3,3,3,12,3,0,0,5,4,92,27,35,30,5,4,1
E00016319,Total,233,145,116,6,0,23,14,8,3,0,3,5,0,0,0,0,5,67,34,29,4,2,0,2
E00016321,Total,329,176,103,15,0,58,30,11,3,11,5,34,8,4,0,4,18,78,26,45,7,11,1,10
E00016322,Total,375,189,147,14,0,28,23,12,2,4,5,23,8,0,0,6,9,129,34,66,29,11,5,6
E00016305,Total,273,129,96,5,0,28,33,19,1,2,11,19,9,4,0,1,5,91,38,41,12,1,0,1
E00016306,Total,345,160,129,13,0,18,32,5,18,5,4,10,2,0,0,1,7,135,30,72,33,8,1,7
E00016308,Total,316,138,109,4,0,25,34,12,2,11,9,34,5,3,3,6,17,106,47,37,22,4,0,4
E00016315,Total,428,262,203,10,1,48,30,13,6,5,6,10,0,1,0,5,4,124,23,68,33,2,0,2
E00016317,Total,286,155,100,7,0,48,27,14,5,2,6,12,0,0,0,5,7,86,42,24,20,6,1,5
E00016320,Total,285,159,111,15,0,33,33,20,5,4,4,21,6,2,0,1,12,69,24,35,10,3,1,2
E00016779,Total,294,115,86,3,1,25,38,12,21,3,2,14,1,2,0,2,9,121,59,39,23,6,0,6
E00016789,Total,379,205,171,4,0,30,41,7,27,1,6,22,1,0,0,6,15,101,29,52,20,10,4,6
E00016797,Total,391,207,167,9,0,31,47,17,8,12,10,47,12,3,4,19,9,79,37,30,12,11,0,11
E00016798,Total,419,138,90,5,0,43,70,9,52,4,5,32,10,1,4,0,17,176,84,42,50,3,2,1
E00016821,Total,399,216,182,7,0,27,55,34,10,7,4,29,10,1,0,3,15,97,34,43,20,2,0,2
E00016780,Total,413,179,121,10,0,48,34,11,4,3,16,30,5,1,2,2,20,162,65,71,26,8,2,6
E00016782,Total,429,184,135,6,0,43,13,12,0,0,1,79,10,17,12,12,28,147,70,48,29,6,3,3
E00016790,Total,166,53,42,0,0,11,22,9,2,0,11,27,4,0,0,5,18,59,27,18,14,5,0,5
E00016792,Total,351,117,67,1,0,49,26,13,6,2,5,52,10,8,7,6,21,147,75,33,39,9,3,6
E00016795,Total,279,131,107,4,0,20,19,14,2,0,3,25,5,0,0,1,19,97,20,70,7,7,2,5
E00016783,Total,346,143,109,7,0,27,43,13,10,5,15,17,0,0,0,7,10,129,37,56,36,14,0,14
E00016802,Total,383,195,139,13,1,42,31,16,8,3,4,16,7,2,0,3,4,134,53,47,34,7,2,5
E00016807,Total,450,177,132,1,3,41,49,14,26,5,4,36,7,0,2,2,25,186,75,69,42,2,0,2
E00016809,Total,327,176,144,6,0,26,29,11,7,3,8,19,0,1,3,5,10,100,46,43,11,3,0,3
E00016810,Total,455,191,134,7,1,49,62,19,24,11,8,31,6,0,0,16,9,167,66,74,27,4,1,3
E00016784,Total,273,127,110,6,0,11,21,10,1,0,10,20,0,9,0,4,7,98,34,54,10,7,5,2
E00016811,Total,321,159,114,6,0,39,19,8,0,2,9,46,13,0,6,0,27,87,32,46,9,10,5,5
E00016812,Total,303,125,90,10,0,25,34,10,5,11,8,39,7,17,0,4,11,101,31,51,19,4,3,1
E00016816,Total,222,98,75,3,0,20,15,7,6,1,1,9,0,0,0,3,6,94,29,54,11,6,1,5
E00016817,Total,310,130,92,4,0,34,30,13,10,0,7,31,8,2,0,1,20,107,39,53,15,12,4,8
E00016785,Total,202,87,67,3,0,17,17,8,5,0,4,25,3,2,0,4,16,68,28,32,8,5,1,4
E00016786,Total,249,107,87,5,0,15,24,9,6,2,7,20,0,3,1,0,16,95,22,58,15,3,1,2
E00016787,Total,456,142,92,3,1,46,32,12,13,2,5,27,1,3,1,5,17,248,145,45,58,7,3,4
E00016822,Total,301,103,61,5,0,37,6,1,0,0,5,48,5,0,5,11,27,135,72,29,34,9,2,7
E00016824,Total,259,92,55,4,0,33,9,2,1,1,5,38,5,6,0,13,14,114,25,74,15,6,0,6
E00016445,Total,297,171,151,4,0,16,15,5,4,1,5,31,13,4,1,2,11,73,40,28,5,7,1,6
E00016448,Total,332,272,218,15,0,39,24,3,9,6,6,11,1,3,0,5,2,22,9,11,2,3,1,2
E00016452,Total,307,251,191,8,1,51,12,1,2,6,3,24,10,0,0,7,7,17,6,10,1,3,1,2
E00016454,Total,267,223,183,4,1,35,6,4,1,0,1,8,0,2,1,4,1,23,14,5,4,7,4,3
E00016455,Total,234,165,135,7,0,23,23,10,4,3,6,12,6,0,0,5,1,31,8,19,4,3,0,3
E00016446,Total,339,231,174,15,1,41,30,12,2,3,13,25,12,0,0,5,8,44,26,11,7,9,1,8
E00016453,Total,232,133,104,6,0,23,16,8,1,0,7,27,6,5,0,5,11,49,31,15,3,7,5,2
E00016456,Total,281,169,128,14,0,27,24,11,5,6,2,20,4,0,0,0,16,56,25,27,4,12,1,11
E00016457,Total,262,198,136,6,0,56,15,6,3,5,1,11,1,0,0,4,6,36,14,18,4,2,0,2
E00016462,Total,271,212,166,7,0,39,10,2,3,5,0,15,1,0,0,3,11,32,13,15,4,2,0,2
E00173944,Total,253,164,112,6,0,46,20,12,0,2,6,36,7,0,0,11,18,28,16,9,3,5,0,5
E00173945,Total,248,139,104,7,0,28,15,3,5,3,4,27,6,4,1,3,13,62,20,38,4,5,1,4
E00016444,Total,315,212,182,5,0,25,23,8,6,4,5,29,12,7,0,9,1,45,10,29,6,6,0,6
E00016484,Total,362,297,237,7,0,53,15,4,1,2,8,25,7,4,0,5,9,22,6,12,4,3,0,3
E00016485,Total,247,123,103,1,0,19,20,8,4,1,7,15,2,0,0,6,7,76,33,26,17,13,0,13
E00016488,Total,329,255,206,6,0,43,14,1,0,8,5,16,7,0,0,0,9,34,26,8,0,10,5,5
E00016489,Total,571,204,163,3,0,38,90,18,2,3,67,89,16,6,4,4,59,181,17,99,65,7,5,2
E00016443,Total,350,242,206,12,0,24,27,9,3,8,7,10,1,0,0,7,2,70,44,12,14,1,0,1
E00016483,Total,238,160,129,7,0,24,12,8,1,2,1,11,6,0,1,1,3,53,19,25,9,2,1,1
E00016486,Total,382,240,190,7,0,43,26,8,3,7,8,40,6,1,1,14,18,67,31,23,13,9,6,3
E00016487,Total,277,178,142,9,0,27,14,5,2,3,4,19,0,0,6,11,2,66,30,29,7,0,0,0
E00016491,Total,248,169,137,4,0,28,22,11,2,2,7,12,5,1,0,2,4,41,8,29,4,4,3,1
E00016449,Total,269,178,133,3,0,42,17,7,1,3,6,13,3,0,1,4,5,51,17,31,3,10,1,9
E00016450,Total,238,155,105,12,1,37,22,5,4,6,7,37,4,1,0,9,23,22,13,7,2,2,0,2
E00016451,Total,326,195,154,3,0,38,34,28,1,2,3,27,11,3,0,6,7,64,14,40,10,6,1,5
E00016490,Total,278,190,155,11,0,24,10,2,0,4,4,17,7,2,0,2,6,60,28,18,14,1,0,1
E00016492,Total,254,144,113,5,0,26,21,13,0,4,4,11,0,0,0,6,5,76,43,26,7,2,0,2
E00016281,Total,337,130,110,1,0,19,23,12,4,3,4,56,8,1,0,11,36,118,19,79,20,10,0,10
E00016290,Total,320,162,131,7,0,24,31,14,9,4,4,32,3,1,0,3,25,91,29,49,13,4,0,4
E00016292,Total,306,134,97,5,0,32,30,17,7,0,6,45,0,0,5,12,28,89,15,62,12,8,0,8
E00016293,Total,356,108,103,2,0,3,30,16,7,1,6,25,6,0,0,1,18,173,35,98,40,20,0,20
E00016295,Total,351,137,103,5,1,28,26,12,2,8,4,36,9,5,0,4,18,148,34,102,12,4,0,4
E00016258,Total,366,181,153,17,0,11,21,8,5,4,4,26,12,1,11,0,2,135,24,88,23,3,1,2
E00016259,Total,311,176,136,10,4,26,12,1,7,0,4,12,3,1,1,1,6,102,23,60,19,9,0,9
E00016298,Total,425,182,138,15,5,24,34,5,14,2,13,35,8,6,6,2,13,163,40,97,26,11,1,10
E00016299,Total,396,164,134,5,0,25,27,10,7,1,9,54,14,0,0,2,38,127,26,80,21,24,0,24
E00016274,Total,307,146,104,5,0,37,26,15,1,5,5,22,3,4,0,5,10,103,28,50,25,10,0,10
E00016276,Total,372,187,152,6,0,29,29,14,5,1,9,11,0,3,3,0,5,121,40,64,17,24,0,24
E00016277,Total,332,134,111,1,0,22,24,13,2,3,6,32,9,3,0,5,15,122,52,52,18,20,0,20
E00016278,Total,275,120,94,3,0,23,24,8,5,4,7,20,9,2,0,1,8,104,16,80,8,7,0,7
E00016285,Total,268,148,114,7,0,27,24,15,2,5,2,27,2,0,4,3,18,56,15,30,11,13,1,12
E00016256,Total,314,151,132,2,0,17,21,10,5,1,5,14,1,0,1,8,4,124,40,67,17,4,2,2
E00016284,Total,283,101,92,2,0,7,21,13,4,2,2,31,0,0,0,8,23,128,19,79,30,2,1,1
E00016286,Total,378,146,111,8,0,27,49,26,8,3,12,34,1,0,0,7,26,146,22,103,21,3,0,3
E00016296,Total,333,176,131,7,0,38,21,4,7,5,5,26,10,2,0,2,12,109,41,52,16,1,0,1
E00016297,Total,324,133,110,11,0,12,11,4,2,0,5,34,2,2,0,5,25,137,41,82,14,9,4,5
E00016275,Total,391,158,104,6,3,45,46,35,1,4,6,27,9,0,0,2,16,145,40,75,30,15,1,14
E00016279,Total,315,123,97,0,0,26,26,12,4,1,9,53,9,0,7,0,37,102,9,75,18,11,2,9
E00016280,Total,285,139,112,7,0,20,14,5,6,0,3,23,7,1,0,2,13,104,22,75,7,5,4,1
E00016283,Total,350,175,138,8,1,28,28,5,5,6,12,20,3,0,6,1,10,121,32,57,32,6,1,5
E00016287,Total,320,136,94,7,0,35,24,11,3,1,9,24,1,2,1,3,17,129,28,84,17,7,1,6
E00016513,Total,334,170,140,4,0,26,31,14,2,6,9,48,19,7,2,5,15,65,35,24,6,20,1,19
E00016514,Total,223,144,137,1,0,6,7,4,0,3,0,16,2,0,0,5,9,50,15,22,13,6,3,3
E00016515,Total,334,225,189,3,0,33,19,7,4,2,6,14,9,0,0,0,5,68,32,26,10,8,5,3
E00016516,Total,299,168,134,2,0,32,21,2,4,4,11,28,6,3,0,3,16,76,39,26,11,6,0,6
E00016519,Total,235,182,164,2,0,16,5,4,1,0,0,18,6,5,0,0,7,29,10,12,7,1,0,1
E00016521,Total,250,143,125,2,0,16,22,14,3,3,2,14,5,0,4,0,5,49,22,15,12,22,2,20
E00016493,Total,373,193,142,7,0,44,27,17,4,1,5,35,1,7,0,24,3,115,51,46,18,3,0,3
E00016499,Total,285,150,112,4,0,34,13,9,0,1,3,42,4,0,1,4,33,62,28,28,6,18,1,17
E00016502,Total,278,181,147,4,0,30,15,8,0,2,5,19,10,0,4,1,4,31,6,15,10,32,3,29
E00016503,Total,185,148,118,5,0,25,3,0,1,0,2,6,2,0,0,1,3,22,7,9,6,6,1,5
E00016507,Total,244,180,132,5,0,43,7,4,0,0,3,13,0,0,5,1,7,41,25,10,6,3,0,3
E00016540,Total,305,179,154,11,0,14,24,8,3,5,8,42,5,0,6,2,29,53,8,26,19,7,0,7
E00016498,Total,578,356,299,15,0,42,42,17,5,5,15,79,10,3,4,14,48,87,20,49,18,14,0,14
E00016500,Total,291,171,157,1,0,13,15,8,3,1,3,25,4,0,0,0,21,76,39,27,10,4,1,3
E00016505,Total,332,197,166,2,0,29,35,21,0,10,4,13,1,0,0,0,12,76,28,43,5,11,7,4
E00016541,Total,353,259,215,5,0,39,12,7,0,3,2,49,8,0,6,9,26,25,2,21,2,8,0,8
E00016494,Total,324,201,163,4,0,34,24,9,0,6,9,23,3,3,0,5,12,70,34,28,8,6,1,5
E00016495,Total,206,143,112,6,0,25,15,8,3,2,2,18,14,3,0,0,1,27,15,10,2,3,0,3
E00016501,Total,417,259,201,6,0,52,21,10,1,5,5,55,22,5,6,10,12,71,23,36,12,11,1,10
E00016508,Total,348,237,209,1,0,27,23,6,3,4,10,18,5,1,0,5,7,57,14,32,11,13,3,10
E00016511,Total,343,190,153,5,0,32,30,14,4,1,11,46,26,0,0,4,16,64,17,41,6,13,1,12
E00016504,Total,323,220,201,2,0,17,25,6,5,8,6,41,16,8,0,10,7,36,25,9,2,1,0,1
E00016506,Total,355,228,198,3,0,27,13,5,2,1,5,52,12,3,10,5,22,51,14,33,4,11,0,11
E00016509,Total,390,267,240,8,0,19,26,11,2,3,10,32,13,0,1,1,17,44,20,13,11,21,0,21
E00016510,Total,268,217,202,5,0,10,10,3,0,0,7,13,6,0,0,2,5,25,13,10,2,3,0,3
E00016512,Total,331,236,205,10,0,21,15,1,5,3,6,29,6,0,2,4,17,33,11,15,7,18,0,18
E00016750,Total,274,162,139,0,0,23,11,4,0,5,2,23,2,0,6,2,13,76,28,34,14,2,1,1
E00016752,Total,351,203,163,8,0,32,23,7,2,3,11,35,4,4,1,6,20,88,27,50,11,2,0,2
E00016753,Total,267,168,138,7,0,23,29,9,7,0,13,16,1,0,1,2,12,53,29,16,8,1,0,1
E00016758,Total,309,163,130,9,0,24,26,15,2,2,7,21,4,0,1,3,13,95,35,39,21,4,2,2
E00016763,Total,320,177,139,15,0,23,26,12,1,6,7,14,3,0,0,3,8,93,28,57,8,10,0,10
E00016738,Total,419,217,173,2,0,42,55,21,4,3,27,25,4,9,0,4,8,101,21,53,27,21,1,20
E00016739,Total,306,195,162,9,0,24,31,14,6,9,2,10,4,0,0,0,6,61,9,32,20,9,2,7
E00016740,Total,356,192,130,9,0,53,39,13,2,2,22,22,5,1,0,5,11,91,26,40,25,12,2,10
E00016749,Total,318,188,142,8,0,38,41,19,12,1,9,10,1,0,3,0,6,79,29,40,10,0,0,0
E00016755,Total,425,220,157,7,0,56,55,26,6,9,14,29,8,0,0,6,15,113,37,59,17,8,1,7
E00016745,Total,396,225,185,7,0,33,25,7,0,6,12,17,0,0,9,2,6,110,40,45,25,19,1,18
E00016746,Total,351,222,185,8,0,29,27,11,7,4,5,16,0,0,0,5,11,82,19,52,11,4,0,4
E00016751,Total,301,173,139,8,0,26,20,11,4,1,4,19,0,0,5,0,14,81,35,31,15,8,0,8
E00016754,Total,293,156,119,8,0,29,28,11,1,1,15,29,6,1,0,2,20,75,6,56,13,5,1,4
E00016757,Total,258,181,148,11,0,22,24,10,7,4,3,14,3,0,0,6,5,39,8,28,3,0,0,0
E00016732,Total,344,181,148,5,0,28,18,8,2,1,7,41,2,0,1,3,35,99,38,47,14,5,0,5
E00016735,Total,361,216,171,4,0,41,31,16,0,6,9,37,10,8,5,5,9,73,28,31,14,4,1,3
E00016741,Total,266,185,156,7,0,22,13,5,0,0,8,15,5,1,0,6,3,48,16,20,12,5,1,4
E00016742,Total,316,171,138,7,0,26,26,11,6,4,5,32,6,5,1,2,18,79,23,43,13,8,1,7
E00016733,Total,316,201,172,13,0,16,25,12,1,6,6,27,5,0,0,4,18,58,15,35,8,5,0,5
E00016734,Total,278,186,144,5,0,37,20,11,0,0,9,20,6,1,1,1,11,50,19,24,7,2,1,1
E00016743,Total,294,188,150,8,0,30,24,15,3,4,2,23,1,1,9,9,3,57,10,44,3,2,0,2
E00016744,Total,343,212,167,8,0,37,21,9,3,3,6,27,7,4,0,2,14,73,13,44,16,10,1,9
E00016747,Total,251,155,133,5,0,17,20,12,4,3,1,27,1,0,7,9,10,48,12,28,8,1,0,1
E00016261,Total,375,156,116,0,0,40,32,20,7,2,3,21,8,0,0,5,8,144,32,93,19,22,6,16
E00016282,Total,358,151,102,7,1,41,37,18,4,5,10,49,3,19,0,0,27,113,36,62,15,8,0,8
E00016288,Total,437,174,127,5,0,42,39,14,6,7,12,47,4,0,0,12,31,151,64,58,29,26,5,21
E00016289,Total,352,182,133,6,0,43,18,5,0,4,9,47,12,5,1,9,20,103,29,57,17,2,1,1
E00016294,Total,353,167,127,11,0,29,34,16,3,3,12,27,0,10,0,3,14,120,31,77,12,5,0,5
E00016260,Total,353,148,117,12,0,19,39,13,9,5,12,33,5,0,5,0,23,128,21,82,25,5,0,5
E00016262,Total,263,117,83,5,0,29,15,3,2,4,6,28,1,6,0,1,20,98,26,64,8,5,1,4
E00016266,Total,361,129,98,10,0,21,24,17,4,3,0,43,7,0,0,3,33,158,39,107,12,7,1,6
E00016267,Total,273,116,86,8,0,22,12,6,1,4,1,40,15,0,0,2,23,89,31,44,14,16,1,15
E00016271,Total,397,169,140,7,0,22,20,5,5,1,9,45,10,11,4,6,14,147,43,91,13,16,0,16
E00016257,Total,452,175,132,0,0,43,60,24,12,4,20,46,8,0,8,2,28,170,46,96,28,1,0,1
E00016263,Total,234,118,84,4,0,30,23,7,6,6,4,21,7,0,0,8,6,69,22,41,6,3,1,2
E00016265,Total,443,187,129,12,0,46,45,20,5,6,14,53,11,0,0,4,38,156,50,85,21,2,0,2
E00016268,Total,469,174,115,4,0,55,44,22,4,4,14,61,5,15,0,7,34,177,59,73,45,13,2,11
E00016291,Total,364,181,138,9,0,34,41,12,12,7,10,39,5,5,2,5,22,94,21,55,18,9,1,8
E00016264,Total,299,142,92,17,0,33,13,4,0,6,3,41,1,8,6,3,23,93,23,57,13,10,1,9
E00016269,Total,351,141,108,9,0,24,24,11,1,6,6,37,4,5,0,1,27,140,36,80,24,9,1,8
E00016270,Total,300,160,122,1,0,37,21,10,3,4,4,28,4,4,0,8,12,81,24,38,19,10,4,6
E00016272,Total,354,159,110,5,0,44,31,11,1,4,15,54,16,10,0,8,20,96,28,40,28,14,0,14
E00016273,Total,411,176,135,10,0,31,35,14,5,2,14,53,11,17,0,1,24,147,39,80,28,0,0,0
E00016930,Total,577,278,253,8,0,17,37,28,4,0,5,77,7,1,5,4,60,177,67,85,25,8,0,8
E00016946,Total,405,200,176,4,0,20,29,20,1,4,4,37,5,0,4,5,23,131,46,69,16,8,1,7
E00016952,Total,279,156,135,3,0,18,10,6,3,0,1,17,5,0,0,0,12,94,38,37,19,2,0,2
E00016964,Total,276,166,143,6,0,17,20,15,2,0,3,9,0,0,0,1,8,77,37,31,9,4,0,4
E00016929,Total,273,162,140,6,0,16,16,4,4,6,2,16,1,2,0,6,7,78,18,41,19,1,0,1
E00016931,Total,285,165,138,0,7,20,9,5,3,1,0,25,2,5,3,2,13,65,24,27,14,21,3,18
E00016932,Total,287,171,144,3,0,24,25,10,7,2,6,19,6,0,0,0,13,61,20,33,8,11,1,10
E00016954,Total,272,126,112,3,0,11,29,17,3,6,3,17,10,0,0,1,6,90,42,39,9,10,1,9
E00016961,Total,295,209,187,2,0,20,19,6,2,5,6,12,3,0,0,0,9,51,26,21,4,4,0,4
E00016933,Total,476,240,203,6,0,31,36,20,5,2,9,32,5,5,9,0,13,158,81,58,19,10,2,8
E00016953,Total,242,176,161,4,0,11,11,1,2,5,3,3,0,0,0,0,3,48,26,16,6,4,0,4
E00016957,Total,295,144,121,5,5,13,12,6,3,1,2,18,0,1,0,0,17,113,70,37,6,8,4,4
E00016960,Total,247,155,133,5,0,17,14,8,0,4,2,11,1,0,0,0,10,59,27,28,4,8,0,8
E00016966,Total,203,121,102,1,0,18,28,15,9,1,3,8,0,0,0,0,8,46,18,17,11,0,0,0
E00016940,Total,289,80,64,1,0,15,10,6,1,1,2,48,3,4,3,11,27,146,69,53,24,5,0,5
E00016941,Total,374,144,122,3,0,19,20,7,11,1,1,38,5,0,0,12,21,166,64,81,21,6,0,6
E00016942,Total,271,106,92,3,1,10,15,3,2,4,6,30,0,2,0,0,28,116,44,54,18,4,0,4
E00016943,Total,228,107,86,3,0,18,8,2,1,4,1,17,7,8,0,0,2,86,29,43,14,10,2,8
E00016944,Total,315,166,125,12,0,29,16,4,5,6,1,36,3,0,0,3,30,85,17,50,18,12,0,12
E00016945,Total,198,93,82,2,0,9,24,14,2,8,0,7,1,0,0,0,6,65,32,25,8,9,7,2
E00016728,Total,253,98,60,3,0,35,19,17,0,0,2,21,1,7,0,12,1,103,45,36,22,12,0,12
E00016764,Total,280,159,126,1,0,32,32,13,9,1,9,12,2,0,0,5,5,74,36,24,14,3,1,2
E00016766,Total,368,179,139,6,2,32,14,3,0,6,5,29,8,0,6,0,15,143,100,31,12,3,1,2
E00016768,Total,269,136,104,4,0,28,27,16,5,1,5,16,3,0,0,0,13,84,22,41,21,6,0,6
E00016772,Total,340,218,181,5,1,31,23,4,5,7,7,26,10,1,3,4,8,67,19,41,7,6,2,4
E00016737,Total,259,196,158,8,0,30,11,3,1,3,4,7,0,0,5,2,0,44,19,17,8,1,1,0
E00016748,Total,252,146,118,4,0,24,22,13,4,0,5,13,2,0,2,2,7,63,25,28,10,8,1,7
E00016756,Total,276,93,69,6,0,18,17,9,3,2,3,17,1,0,1,1,14,140,66,43,31,9,3,6
E00016760,Total,285,156,116,6,0,34,33,12,6,11,4,30,4,3,0,4,19,60,30,23,7,6,0,6
E00173704,Total,233,128,94,5,0,29,14,3,4,4,3,24,3,0,0,9,12,54,35,11,8,13,4,9
E00173705,Total,136,68,44,2,0,22,8,6,0,1,1,6,1,0,0,0,5,48,17,15,16,6,0,6
E00173707,Total,118,83,70,4,0,9,11,7,0,2,2,12,0,0,0,4,8,11,6,4,1,1,0,1
E00016729,Total,247,189,164,3,0,22,15,6,1,3,5,14,8,0,3,2,1,29,7,19,3,0,0,0
E00016730,Total,331,214,171,9,0,34,27,5,3,11,8,14,1,0,1,3,9,69,26,32,11,7,3,4
E00016759,Total,325,211,166,21,0,24,16,10,1,2,3,37,4,6,6,0,21,58,15,35,8,3,0,3
E00016761,Total,332,212,177,6,0,29,32,10,8,1,13,22,0,0,1,7,14,56,17,33,6,10,2,8
E00016762,Total,311,126,87,4,0,35,30,7,10,7,6,32,22,0,0,3,7,116,38,70,8,7,5,2
E00016765,Total,222,132,104,2,0,26,14,6,2,3,3,12,4,4,0,2,2,57,16,40,1,7,1,6
E00016767,Total,273,164,143,1,0,20,23,5,6,0,12,7,1,0,0,1,5,70,12,39,19,9,2,7
E00016770,Total,144,100,72,3,1,24,12,4,3,1,4,11,1,2,0,1,7,18,3,15,0,3,0,3
E00016771,Total,386,241,195,18,0,28,30,10,6,4,10,21,4,4,5,2,6,83,27,47,9,11,1,10
E00016774,Total,362,200,169,4,1,26,38,22,6,3,7,32,1,8,1,6,16,75,25,42,8,17,0,17
E00016777,Total,373,254,215,16,0,23,23,19,1,1,2,29,7,9,0,1,12,51,11,29,11,16,4,12
E00016731,Total,310,162,128,3,0,31,14,3,4,2,5,17,0,0,6,6,5,117,41,57,19,0,0,0
E00016769,Total,366,175,143,6,0,26,32,12,8,5,7,29,4,6,0,6,13,127,54,42,31,3,0,3
E00016773,Total,277,98,74,6,0,18,30,16,1,3,10,33,9,1,4,2,17,99,39,34,26,17,0,17
E00016775,Total,256,110,66,18,0,26,24,4,3,1,16,25,5,5,2,6,7,94,67,15,12,3,0,3
E00016776,Total,321,199,170,3,0,26,17,6,2,3,6,27,6,2,0,12,7,67,24,33,10,11,5,6
E00016460,Total,331,226,174,6,4,42,20,9,4,2,5,16,4,7,0,4,1,63,20,29,14,6,3,3
E00016463,Total,505,252,166,1,0,85,50,21,5,8,16,40,10,0,1,11,18,152,77,52,23,11,1,10
E00016467,Total,318,250,206,5,0,39,20,8,6,1,5,16,5,0,0,3,8,25,9,12,4,7,7,0
E00016469,Total,306,198,144,11,0,43,17,10,0,4,3,17,5,1,0,5,6,70,36,25,9,4,2,2
E00016471,Total,232,75,53,5,0,17,28,13,10,0,5,30,4,4,6,4,12,85,38,38,9,14,4,10
E00016472,Total,363,184,147,6,0,31,43,18,2,12,11,47,16,2,12,5,12,81,39,33,9,8,0,8
E00016447,Total,295,174,133,3,1,37,20,12,5,2,1,17,3,1,0,2,11,82,45,33,4,2,0,2
E00016458,Total,319,184,148,3,0,33,22,10,6,1,5,26,4,0,1,6,15,84,34,30,20,3,1,2
E00016459,Total,226,194,175,2,0,17,7,0,3,2,2,16,7,1,0,5,3,8,5,1,2,1,0,1
E00016464,Total,292,90,65,7,0,18,36,17,9,1,9,11,1,1,0,4,5,150,84,32,34,5,0,5
E00016465,Total,283,213,172,12,0,29,20,8,1,4,7,13,1,2,1,2,7,35,7,22,6,2,1,1
E00016466,Total,263,199,150,13,0,36,21,12,1,7,1,11,5,0,0,2,4,29,17,10,2,3,1,2
E00016475,Total,219,80,63,6,0,11,19,8,4,2,5,29,4,3,2,10,10,87,39,33,15,4,1,3
E00016476,Total,293,110,84,9,0,17,17,8,1,3,5,28,6,12,0,2,8,130,75,40,15,8,0,8
E00016478,Total,186,130,100,3,0,27,8,2,2,1,3,12,0,6,0,1,5,34,17,8,9,2,0,2
E00016479,Total,252,105,76,2,0,27,21,16,1,1,3,9,0,0,0,6,3,107,57,42,8,10,2,8
E00016480,Total,294,91,76,1,0,14,25,20,0,0,5,31,4,0,3,11,13,135,75,43,17,12,6,6
E00016482,Total,255,78,51,7,0,20,26,8,3,4,11,21,8,1,1,0,11,124,69,25,30,6,4,2
E00016468,Total,217,174,147,5,0,22,8,3,0,3,2,5,2,0,0,2,1,25,15,10,0,5,1,4
E00016470,Total,239,190,168,6,0,16,19,7,4,2,6,5,2,0,0,2,1,24,10,5,9,1,0,1
E00016473,Total,303,181,149,3,0,29,27,5,8,8,6,18,5,0,0,10,3,74,27,31,16,3,2,1
E00016474,Total,253,144,105,9,0,30,15,7,2,3,3,21,4,1,0,3,13,64,12,46,6,9,1,8
E00016477,Total,293,203,164,9,0,30,26,8,5,3,10,10,1,0,0,1,8,53,30,13,10,1,0,1
E00016481,Total,310,181,112,8,0,61,21,9,6,2,4,33,6,0,0,9,18,69,35,20,14,6,1,5
E00016126,Total,316,186,160,5,0,21,20,11,0,4,5,13,4,0,0,0,9,93,22,54,17,4,1,3
E00016127,Total,418,219,174,13,2,30,33,15,8,1,9,10,8,0,0,2,0,156,51,80,25,0,0,0
E00016131,Total,315,180,154,6,0,20,9,6,2,0,1,25,3,0,5,6,11,94,35,44,15,7,0,7
E00016134,Total,256,165,151,2,0,12,17,9,0,1,7,5,1,0,0,4,0,69,32,26,11,0,0,0
E00016140,Total,263,140,104,6,4,26,18,11,4,1,2,19,1,3,1,5,9,82,33,39,10,4,1,3
E00016118,Total,385,198,161,4,0,33,17,10,0,1,6,19,5,0,0,2,12,142,44,81,17,9,0,9
E00016154,Total,270,143,112,6,0,25,19,11,4,0,4,7,2,0,0,1,4,95,39,38,18,6,0,6
E00016155,Total,378,125,79,3,1,42,42,14,7,3,18,40,10,1,6,14,9,156,72,46,38,15,0,15
E00016156,Total,301,134,122,2,0,10,28,10,5,1,12,16,1,0,2,2,11,109,40,56,13,14,2,12
E00016157,Total,344,197,172,3,0,22,16,11,0,1,4,32,5,1,4,0,22,85,28,37,20,14,0,14
E00016112,Total,309,130,102,7,0,21,25,11,8,4,2,24,4,1,0,1,18,123,43,51,29,7,0,7
E00016119,Total,325,176,146,2,0,28,18,7,0,2,9,20,7,0,0,1,12,104,32,56,16,7,0,7
E00016121,Total,261,124,84,1,0,39,13,7,3,0,3,11,0,1,1,0,9,105,36,55,14,8,0,8
E00016123,Total,334,123,99,2,0,22,26,12,0,3,11,34,0,6,0,1,27,146,47,77,22,5,1,4
E00016158,Total,318,144,119,1,0,24,28,21,0,2,5,25,4,1,0,2,18,121,35,75,11,0,0,0
E00016113,Total,390,223,184,5,5,29,37,21,9,3,4,11,1,0,0,1,9,92,21,44,27,27,7,20
E00016120,Total,323,178,156,5,0,17,23,10,2,6,5,24,1,4,0,1,18,90,36,38,16,8,0,8
E00016122,Total,340,167,150,1,0,16,13,6,3,1,3,17,1,0,3,0,13,126,56,55,15,17,5,12
E00016124,Total,293,146,133,1,0,12,21,8,11,0,2,18,3,0,3,3,9,108,61,34,13,0,0,0
E00016125,Total,327,142,115,5,0,22,20,13,3,0,4,46,2,5,0,1,38,98,30,54,14,21,1,20
E00016114,Total,270,133,123,2,0,8,11,3,3,2,3,30,8,0,0,5,17,92,41,39,12,4,0,4
E00016128,Total,355,170,153,2,0,15,34,13,5,8,8,31,0,8,7,2,14,116,33,54,29,4,0,4
E00016130,Total,335,168,148,7,0,13,24,12,5,5,2,27,7,1,0,3,16,101,45,32,24,15,0,15
E00016133,Total,338,170,160,2,0,8,27,16,2,1,8,23,2,1,4,2,14,117,60,45,12,1,0,1
E00016135,Total,330,164,143,8,1,12,18,11,2,2,3,46,4,1,0,7,34,102,41,37,24,0,0,0
E00016948,Total,410,128,116,0,0,12,37,15,6,3,13,47,3,1,0,2,41,184,85,56,43,14,3,11
E00016949,Total,360,118,83,4,0,31,30,26,4,0,0,45,4,0,0,1,40,161,85,61,15,6,2,4
E00016951,Total,354,111,89,0,0,22,47,23,3,9,12,35,0,4,0,8,23,145,76,54,15,16,2,14
E00016955,Total,330,143,119,0,0,24,19,11,1,4,3,34,0,0,3,1,30,114,44,48,22,20,0,20
E00016956,Total,281,155,138,6,0,11,20,9,1,6,4,18,0,0,5,0,13,84,36,45,3,4,0,4
E00016950,Total,302,178,132,3,1,42,16,4,2,0,10,49,0,4,0,0,45,57,6,45,6,2,0,2
E00016967,Total,313,142,118,2,0,22,36,6,11,5,14,46,5,0,0,8,33,78,33,33,12,11,2,9
E00016968,Total,293,152,120,4,0,28,25,14,2,5,4,37,2,0,0,0,35,76,30,42,4,3,0,3
E00016969,Total,266,146,123,4,0,19,24,8,5,2,9,29,8,0,5,1,15,65,27,30,8,2,0,2
E00016971,Total,285,148,117,11,1,19,23,14,4,1,4,20,2,0,0,4,14,93,43,39,11,1,0,1
E00016928,Total,417,146,112,3,0,31,49,23,13,5,8,48,2,1,0,1,44,152,45,83,24,22,5,17
E00016947,Total,317,254,231,9,0,14,17,9,1,1,6,6,0,0,0,6,0,36,22,8,6,4,0,4
E00016958,Total,360,120,109,1,0,10,30,24,4,0,2,41,6,0,4,0,31,142,54,76,12,27,7,20
E00016963,Total,318,149,120,4,0,25,12,9,0,1,2,38,0,5,0,5,28,113,43,56,14,6,0,6
E00016937,Total,401,195,160,3,0,32,26,13,1,2,10,47,5,6,10,1,25,117,48,55,14,16,3,13
E00016959,Total,302,169,138,7,0,24,14,8,2,0,4,39,9,5,5,0,20,72,28,36,8,8,0,8
E00016962,Total,426,202,169,6,0,27,27,14,4,7,2,48,8,0,10,5,25,145,65,50,30,4,1,3
E00016965,Total,314,121,96,2,1,22,29,11,4,11,3,47,10,0,0,16,21,115,57,38,20,2,2,0
E00016970,Total,373,199,163,5,0,31,33,15,4,6,8,15,0,6,0,3,6,124,64,43,17,2,1,1
E00016934,Total,360,157,136,3,0,18,30,12,3,3,12,61,14,0,0,1,46,108,47,49,12,4,2,2
E00016935,Total,410,240,202,5,0,33,22,12,2,5,3,37,6,6,0,4,21,103,48,37,18,8,1,7
E00016936,Total,357,188,156,6,0,26,13,4,0,1,8,41,6,0,0,2,33,105,55,39,11,10,0,10
E00016938,Total,313,173,140,6,0,27,14,4,0,2,8,56,4,2,0,1,49,62,21,36,5,8,0,8
E00016939,Total,300,156,136,3,0,17,19,12,3,2,2,47,2,1,4,13,27,61,16,36,9,17,3,14
E00016496,Total,264,176,139,4,0,33,14,8,0,4,2,15,5,0,0,9,1,40,16,17,7,19,0,19
E00016517,Total,241,148,134,0,0,14,20,17,1,0,2,2,2,0,0,0,0,63,23,25,15,8,0,8
E00016518,Total,286,192,163,6,1,22,14,7,2,1,4,10,0,1,0,1,8,59,31,19,9,11,1,10
E00016523,Total,238,131,108,5,0,18,17,6,1,5,5,35,26,2,0,1,6,47,17,22,8,8,1,7
E00016524,Total,329,203,172,8,1,22,19,8,4,5,2,25,5,3,0,2,15,72,27,38,7,10,5,5
E00016525,Total,252,174,148,2,0,24,8,4,0,3,1,15,3,0,0,8,4,43,12,26,5,12,4,8
E00016497,Total,274,138,103,2,0,33,25,9,5,4,7,7,2,1,3,0,1,102,56,27,19,2,2,0
E00016527,Total,245,131,94,7,0,30,14,8,0,0,6,2,1,0,0,1,0,93,67,18,8,5,0,5
E00016528,Total,220,133,90,0,0,43,23,9,3,3,8,9,4,0,0,1,4,49,22,22,5,6,0,6
E00016531,Total,333,184,156,2,0,26,23,11,10,0,2,12,7,0,0,0,5,102,43,43,16,12,5,7
E00016532,Total,216,118,86,0,0,32,16,5,2,4,5,16,5,4,0,3,4,57,29,22,6,9,0,9
E00016535,Total,243,140,113,5,0,22,8,5,2,0,1,28,0,0,0,7,21,60,28,25,7,7,0,7
E00016520,Total,264,198,160,5,0,33,5,5,0,0,0,6,0,0,0,1,5,53,21,17,15,2,1,1
E00016522,Total,280,160,138,6,4,12,9,6,2,0,1,9,4,3,0,1,1,101,55,28,18,1,0,1
E00016526,Total,292,160,146,7,0,7,13,3,6,0,4,21,6,5,0,1,9,87,64,14,9,11,0,11
E00016529,Total,270,155,130,2,0,23,25,9,11,2,3,6,3,2,0,1,0,78,38,28,12,6,0,6
E00016530,Total,306,178,147,6,0,25,16,8,8,0,0,14,4,0,0,4,6,85,37,40,8,13,5,8
E00016533,Total,323,176,155,6,0,15,13,7,0,0,6,32,5,0,6,2,19,89,52,25,12,13,0,13
E00016534,Total,301,189,153,4,0,32,14,4,1,0,9,21,0,0,2,7,12,73,44,15,14,4,0,4
E00016536,Total,314,193,161,7,0,25,21,20,0,0,1,33,0,0,5,1,27,67,36,24,7,0,0,0
E00016537,Total,291,200,178,3,0,19,14,7,3,1,3,7,1,2,0,0,4,56,31,18,7,14,0,14
E00016538,Total,340,222,199,2,0,21,19,8,3,3,5,19,0,0,6,4,9,75,42,23,10,5,0,5
E00016539,Total,322,215,182,12,0,21,25,8,4,5,8,23,0,1,0,2,20,46,24,15,7,13,6,7
E00016830,Total,352,231,190,11,0,30,24,10,2,6,6,29,5,4,0,11,9,58,24,20,14,10,2,8
E00016839,Total,250,163,126,4,0,33,19,8,4,2,5,21,10,0,0,1,10,43,12,29,2,4,0,4
E00016845,Total,310,211,160,15,0,36,33,15,4,2,12,5,0,0,0,2,3,58,23,24,11,3,3,0
E00016872,Total,370,219,181,3,0,35,46,17,4,5,20,30,7,1,4,4,14,69,24,36,9,6,1,5
E00016873,Total,308,165,143,4,0,18,19,5,8,0,6,11,6,0,0,0,5,108,42,46,20,5,1,4
E00016838,Total,289,105,73,6,0,26,26,13,6,2,5,24,0,0,1,0,23,132,62,37,33,2,2,0
E00016840,Total,334,206,167,6,0,33,16,6,3,1,6,39,5,9,6,2,17,67,41,21,5,6,5,1
E00016847,Total,259,107,99,2,0,6,19,8,5,2,4,15,2,0,0,3,10,116,65,38,13,2,2,0
E00016852,Total,216,121,97,3,0,21,19,4,4,7,4,15,5,0,0,8,2,51,29,16,6,10,0,10
E00016858,Total,243,118,98,3,0,17,32,22,1,1,8,7,0,0,0,2,5,84,39,32,13,2,0,2
E00016874,Total,209,175,165,5,2,3,9,2,6,0,1,0,0,0,0,0,0,21,5,12,4,4,2,2
E00016826,Total,302,177,142,3,0,32,19,5,1,1,12,10,2,0,0,1,7,92,42,38,12,4,4,0
E00016831,Total,274,110,92,6,4,8,20,15,3,2,0,14,12,0,1,0,1,121,43,67,11,9,1,8
E00016832,Total,244,176,150,2,0,24,22,7,5,6,4,6,1,0,0,0,5,37,5,28,4,3,0,3
E00016833,Total,333,208,166,6,0,36,33,8,6,11,8,49,19,0,0,8,22,40,23,15,2,3,0,3
E00016875,Total,259,114,88,2,0,24,18,11,0,2,5,14,1,0,3,4,6,105,51,42,12,8,0,8
E00016828,Total,246,148,115,2,0,31,32,6,14,4,8,7,5,0,1,0,1,55,14,30,11,4,1,3
E00016850,Total,213,128,106,5,0,17,12,5,0,1,6,19,5,0,1,4,9,53,28,15,10,1,0,1
E00016854,Total,273,151,115,13,0,23,33,12,9,6,6,26,5,7,0,1,13,63,26,23,14,0,0,0
E00016855,Total,209,137,111,4,0,22,10,5,0,1,4,11,0,0,0,7,4,44,29,13,2,7,0,7
E00016857,Total,264,162,133,2,1,26,15,3,2,5,5,12,6,0,0,2,4,74,25,40,9,1,0,1
E00016878,Total,262,107,85,5,0,17,20,13,1,1,5,18,8,0,0,0,10,101,37,59,5,16,0,16
E00016827,Total,343,222,185,5,0,32,19,9,2,1,7,32,12,0,0,4,16,59,25,26,8,11,6,5
E00016834,Total,316,162,131,0,0,31,25,10,3,2,10,26,2,0,1,7,16,94,35,36,23,9,0,9
E00016842,Total,266,114,91,3,5,15,23,4,6,5,8,26,2,2,0,8,14,99,37,37,25,4,0,4
E00016856,Total,347,209,135,5,0,69,23,4,8,1,10,45,12,4,0,11,18,60,28,22,10,10,5,5
E00016876,Total,189,134,106,9,0,19,10,4,0,2,4,6,1,0,0,3,2,39,14,19,6,0,0,0
E00016877,Total,199,102,84,8,0,10,18,8,3,0,7,11,1,0,0,0,10,65,9,41,15,3,1,2
E00016115,Total,295,147,116,11,0,20,15,3,2,0,10,20,3,0,0,1,16,103,50,39,14,10,0,10
E00016136,Total,324,162,136,4,0,22,15,4,1,8,2,21,9,0,0,1,11,111,50,51,10,15,7,8
E00016137,Total,392,219,188,8,0,23,32,19,2,0,11,27,1,5,3,2,16,102,57,30,15,12,1,11
E00016138,Total,333,174,146,1,1,26,23,16,0,3,4,30,5,0,0,2,23,97,33,45,19,9,2,7
E00016139,Total,326,175,152,5,1,17,17,6,7,3,1,22,1,0,5,3,13,105,61,22,22,7,6,1
E00016116,Total,320,124,90,4,1,29,25,11,6,0,8,22,11,0,1,4,6,140,66,52,22,9,8,1
E00016129,Total,300,152,112,2,0,38,26,14,6,0,6,23,4,0,0,0,19,76,33,23,20,23,8,15
E00016142,Total,347,113,94,4,0,15,39,21,6,0,12,35,4,3,0,8,20,144,77,49,18,16,6,10
E00016144,Total,244,95,73,5,0,17,38,27,3,2,6,16,8,1,0,1,6,91,18,55,18,4,0,4
E00016145,Total,339,125,101,3,0,21,37,17,16,2,2,21,0,0,0,3,18,150,66,53,31,6,2,4
E00016150,Total,328,103,74,2,0,27,49,19,23,1,6,28,6,0,0,0,22,141,88,35,18,7,1,6
E00016117,Total,331,168,133,4,0,31,38,18,1,4,15,9,0,0,0,2,7,114,38,47,29,2,0,2
E00016132,Total,269,126,102,4,0,20,19,8,2,0,9,18,1,0,0,11,6,104,39,45,20,2,0,2
E00016143,Total,294,130,108,4,1,17,25,11,5,0,9,18,1,0,0,2,15,117,47,42,28,4,3,1
E00016147,Total,337,167,133,4,0,30,29,19,2,1,7,9,5,0,1,1,2,117,48,43,26,15,2,13
E00016153,Total,263,152,125,11,0,16,29,9,5,2,13,9,0,0,0,1,8,66,24,28,14,7,1,6
E00016141,Total,280,155,127,10,1,17,27,21,2,0,4,35,1,5,0,4,25,63,31,28,4,0,0,0
E00016146,Total,261,131,112,2,5,12,18,12,0,3,3,20,3,3,0,3,11,87,38,37,12,5,0,5
E00016148,Total,309,157,126,3,0,28,18,10,4,1,3,22,6,0,0,0,16,111,32,56,23,1,0,1
E00016149,Total,273,98,67,1,0,30,12,6,5,0,1,27,1,0,0,10,16,135,68,46,21,1,1,0
E00016151,Total,272,159,129,7,0,23,11,5,3,2,1,13,0,0,4,7,2,88,55,26,7,1,1,0
E00016152,Total,244,117,91,2,1,23,15,8,2,0,5,12,1,3,0,3,5,94,32,32,30,6,2,4
E00016843,Total,248,133,102,8,0,23,30,10,12,0,8,25,9,0,0,6,10,52,10,31,11,8,0,8
E00016863,Total,385,222,177,8,0,37,23,7,7,2,7,22,14,1,0,2,5,113,38,62,13,5,0,5
E00016868,Total,248,140,103,9,0,28,21,10,5,6,0,9,3,2,2,1,1,74,28,30,16,4,1,3
E00016870,Total,330,212,178,3,0,31,32,18,1,7,6,17,5,1,1,3,7,67,36,25,6,2,0,2
E00016871,Total,264,178,160,5,0,13,24,17,1,2,4,5,0,0,0,3,2,56,9,42,5,1,0,1
E00016848,Total,257,192,165,7,0,20,14,6,0,3,5,14,4,4,3,0,3,37,21,14,2,0,0,0
E00016859,Total,375,261,190,12,0,59,39,13,2,16,8,24,7,2,0,10,5,49,10,33,6,2,0,2
E00016861,Total,468,264,198,6,0,60,49,22,1,19,7,74,15,3,5,13,38,79,42,14,23,2,0,2
E00016862,Total,330,202,154,4,0,44,38,12,3,19,4,37,21,3,0,3,10,51,22,22,7,2,2,0
E00016866,Total,366,204,155,6,0,43,43,20,3,14,6,44,17,0,0,8,19,66,34,19,13,9,0,9
E00016829,Total,267,161,123,5,0,33,18,2,5,4,7,15,5,0,2,3,5,65,29,27,9,8,3,5
E00016851,Total,314,219,188,4,0,27,24,6,3,6,9,34,6,0,1,7,20,27,13,13,1,10,1,9
E00016860,Total,346,209,143,11,0,55,17,8,2,2,5,23,3,0,1,4,15,92,35,37,20,5,1,4
E00016864,Total,319,172,140,7,0,25,22,12,0,1,9,10,8,0,0,0,2,93,10,63,20,22,0,22
E00016867,Total,254,176,145,6,0,25,17,3,3,3,8,27,24,0,0,0,3,33,4,22,7,1,0,1
E00016869,Total,218,137,115,7,0,15,14,8,5,0,1,13,2,4,0,0,7,53,9,28,16,1,0,1
E00016835,Total,330,200,166,3,0,31,25,15,10,0,0,21,1,4,2,0,14,76,25,34,17,8,2,6
E00016837,Total,278,170,134,8,0,28,27,8,3,9,7,22,7,11,0,2,2,59,21,32,6,0,0,0
E00016846,Total,322,203,159,9,1,34,37,4,17,6,10,10,0,1,4,0,5,63,18,34,11,9,0,9
E00016849,Total,230,108,70,7,2,29,34,14,5,11,4,33,18,0,0,3,12,54,26,17,11,1,1,0
E00016865,Total,382,222,177,2,8,35,30,14,1,8,7,12,4,0,0,3,5,109,43,40,26,9,0,9
E00016825,Total,270,81,52,6,0,23,28,8,10,4,6,19,1,5,0,6,7,139,72,49,18,3,0,3
E00016836,Total,308,204,173,8,0,23,34,11,5,2,16,19,16,0,0,1,2,48,15,29,4,3,1,2
E00016841,Total,337,117,101,4,0,12,35,21,8,2,4,27,6,6,0,1,14,145,52,73,20,13,1,12
E00016844,Total,266,205,174,9,0,22,8,4,0,4,0,15,4,4,0,0,7,32,4,23,5,6,2,4
E00016853,Total,214,113,101,4,0,8,17,12,2,0,3,11,1,0,0,5,5,68,25,25,18,5,3,2
E00016350,Total,358,201,173,9,0,19,29,18,5,4,2,12,0,0,6,0,6,72,27,25,20,44,0,44
E00016369,Total,333,197,162,4,0,31,19,10,4,2,3,26,1,0,5,9,11,87,41,31,15,4,1,3
E00016370,Total,334,197,162,5,0,30,29,9,5,4,11,16,8,0,0,3,5,70,20,33,17,22,4,18
E00016371,Total,281,174,148,0,0,26,23,13,4,1,5,15,4,0,0,2,9,56,24,24,8,13,0,13
E00016374,Total,284,181,157,2,0,22,23,14,2,1,6,13,0,1,5,0,7,54,25,17,12,13,0,13
E00016352,Total,288,182,165,5,0,12,23,7,5,2,9,24,0,0,0,0,24,55,28,19,8,4,1,3
E00016373,Total,299,199,177,1,0,21,26,12,1,9,4,11,5,0,0,3,3,53,32,12,9,10,6,4
E00016378,Total,302,174,149,5,0,20,13,4,6,0,3,39,5,6,6,6,16,72,29,36,7,4,1,3
E00016381,Total,337,199,169,7,0,23,34,18,5,7,4,34,10,0,0,1,23,66,32,23,11,4,0,4
E00016382,Total,245,160,149,6,0,5,12,7,1,1,3,32,10,0,0,3,19,37,23,13,1,4,0,4
E00016348,Total,235,118,108,2,0,8,27,15,3,4,5,32,6,1,0,0,25,56,25,24,7,2,1,1
E00016372,Total,308,199,168,5,0,26,15,11,1,1,2,4,1,1,0,0,2,84,37,29,18,6,3,3
E00016375,Total,267,146,133,3,0,10,14,10,0,1,3,27,15,0,0,1,11,73,25,34,14,7,0,7
E00016377,Total,286,186,163,3,0,20,24,13,3,2,6,4,0,0,0,0,4,70,34,23,13,2,0,2
E00016379,Total,311,189,174,3,0,12,20,8,6,2,4,11,2,0,3,1,5,88,46,29,13,3,0,3
E00016349,Total,303,156,129,9,1,17,20,13,0,2,5,11,0,0,0,4,7,111,40,52,19,5,0,5
E00016351,Total,513,270,246,5,0,19,34,14,4,5,11,39,3,1,9,3,23,133,46,61,26,37,3,34
E00016376,Total,275,146,136,3,0,7,17,10,1,1,5,16,4,0,0,1,11,90,33,38,19,6,0,6
E00016383,Total,337,187,175,3,0,9,41,18,7,5,11,15,0,0,9,0,6,86,46,31,9,8,1,7
E00016356,Total,384,198,178,3,0,17,37,24,3,5,5,50,0,0,1,10,39,78,40,23,15,21,0,21
E00016387,Total,355,225,200,5,0,20,15,10,0,1,4,14,0,0,1,4,9,85,38,39,8,16,0,16
E00016393,Total,310,187,158,7,0,22,13,1,6,0,6,18,3,0,0,0,15,87,45,33,9,5,0,5
E00165790,Total,263,175,152,3,2,18,22,12,2,0,8,23,1,0,3,0,19,31,17,6,8,12,0,12
E00016361,Total,221,144,119,6,0,19,24,14,2,2,6,14,3,0,7,1,3,23,7,7,9,16,0,16
E00016363,Total,324,184,163,5,0,16,22,10,0,6,6,20,0,10,0,5,5,92,46,24,22,6,0,6
E00016366,Total,277,175,165,0,0,10,27,13,1,2,11,8,3,0,1,2,2,59,19,28,12,8,1,7
E00016367,Total,165,132,126,3,0,3,7,4,0,0,3,4,0,0,0,0,4,22,5,10,7,0,0,0
E00016368,Total,292,173,152,6,0,15,25,7,6,6,6,18,2,1,0,1,14,67,42,20,5,9,1,8
E00016353,Total,315,197,173,7,0,17,20,10,1,0,9,12,6,0,0,1,5,83,27,46,10,3,1,2
E00016360,Total,435,256,207,8,2,39,26,11,8,3,4,19,5,1,0,4,9,131,50,60,21,3,1,2
E00016380,Total,242,137,122,6,0,9,18,16,0,0,2,22,3,6,0,1,12,59,22,27,10,6,6,0
E00016389,Total,296,184,162,4,0,18,21,11,4,4,2,23,0,0,1,5,17,64,36,13,15,4,0,4
E00016390,Total,233,107,96,3,0,8,33,21,1,2,9,36,5,0,0,3,28,47,23,17,7,10,6,4
E00016392,Total,268,199,179,4,0,16,17,10,2,1,4,4,0,1,0,1,2,42,14,19,9,6,2,4
E00016359,Total,307,175,130,9,0,36,16,10,0,2,4,13,5,0,0,7,1,89,37,42,10,14,1,13
E00016384,Total,327,131,108,4,0,19,19,7,8,0,4,78,13,6,5,7,47,86,25,46,15,13,1,12
E00016385,Total,374,184,153,6,0,25,39,17,6,4,12,20,3,1,7,4,5,129,65,48,16,2,0,2
E00016386,Total,212,116,87,10,0,19,9,2,3,2,2,5,1,0,0,0,4,80,28,37,15,2,0,2
E00016388,Total,321,163,137,9,0,17,20,7,3,6,4,50,5,5,5,4,31,80,43,29,8,8,0,8
E00016346,Total,253,167,141,7,0,19,15,9,2,1,3,22,0,0,6,1,15,49,16,25,8,0,0,0
E00016354,Total,221,121,104,3,1,13,11,5,3,0,3,30,1,0,0,9,20,56,34,17,5,3,1,2
E00016357,Total,317,158,131,3,0,24,15,3,6,2,4,37,0,1,6,2,28,100,68,27,5,7,1,6
E00016358,Total,259,149,122,3,0,24,12,4,0,1,7,22,2,3,0,0,17,68,27,33,8,8,0,8
E00016391,Total,308,159,114,5,4,36,21,6,0,3,12,35,8,0,5,0,22,88,29,49,10,5,0,5
E00016362,Total,322,199,184,6,0,9,32,13,5,6,8,37,1,6,4,5,21,49,18,20,11,5,2,3
E00016364,Total,278,166,155,2,0,9,18,5,2,3,8,14,0,0,2,0,12,75,27,21,27,5,2,3
E00016365,Total,213,142,120,2,0,20,0,0,0,0,0,8,1,0,0,1,6,31,4,12,15,32,0,32
E00016394,Total,299,186,174,3,0,9,22,8,1,0,13,22,6,0,0,0,16,54,28,16,10,15,0,15
E00165789,Total,280,149,130,4,0,15,9,7,2,0,0,5,0,2,0,0,3,64,21,15,28,53,4,49
E00016678,Total,272,82,60,7,0,15,8,5,0,1,2,55,10,0,7,15,23,121,87,16,18,6,1,5
E00016722,Total,398,74,40,5,0,29,32,13,8,3,8,45,1,0,0,14,30,240,131,76,33,7,4,3
E00016724,Total,290,141,98,4,0,39,21,2,9,2,8,39,5,0,4,8,22,79,52,18,9,10,1,9
E00016727,Total,332,74,53,0,0,21,22,7,3,4,8,76,1,0,9,38,28,156,106,31,19,4,1,3
E00016676,Total,262,75,56,4,0,15,9,8,1,0,0,54,1,4,7,13,29,119,72,37,10,5,0,5
E00016685,Total,323,86,54,6,0,26,16,9,3,0,4,37,0,0,9,13,15,182,116,57,9,2,0,2
E00016690,Total,297,94,57,4,0,33,17,10,4,0,3,31,1,0,0,12,18,141,58,63,20,14,8,6
E00016691,Total,294,123,67,0,0,56,34,17,5,5,7,30,2,0,0,19,9,100,56,36,8,7,0,7
E00016726,Total,180,48,30,1,0,17,14,7,3,0,4,25,4,0,1,10,10,91,59,21,11,2,1,1
E00016688,Total,300,135,96,6,0,33,18,12,2,0,4,42,1,9,16,10,6,92,54,29,9,13,1,12
E00016695,Total,300,77,66,3,0,8,24,2,10,1,11,49,4,1,1,16,27,143,85,53,5,7,1,6
E00016705,Total,253,88,48,5,0,35,15,6,0,5,4,76,3,1,8,17,47,65,47,11,7,9,0,9
E00016710,Total,331,116,65,6,0,45,13,2,6,2,3,51,3,0,0,29,19,146,87,35,24,5,1,4
E00016712,Total,366,179,118,9,0,52,18,6,4,2,6,63,1,0,0,40,22,100,62,13,25,6,1,5
E00016682,Total,239,133,69,4,0,60,13,1,3,2,7,36,7,0,3,17,9,54,45,5,4,3,1,2
E00016686,Total,341,118,81,1,0,36,16,5,8,0,3,37,0,1,7,7,22,159,92,48,19,11,4,7
E00016699,Total,297,95,66,0,0,29,29,12,9,6,2,45,5,0,1,26,13,114,77,22,15,14,0,14
E00016702,Total,298,120,78,2,0,40,29,14,7,1,7,25,3,0,0,4,18,111,75,28,8,13,6,7
E00016707,Total,447,185,128,7,0,50,32,14,3,3,12,127,16,22,0,56,33,85,52,22,11,18,1,17
E00016711,Total,268,145,89,3,1,52,23,6,8,6,3,41,7,4,1,17,12,50,35,11,4,9,3,6
E00016696,Total,235,101,63,8,0,30,14,4,7,1,2,28,4,2,2,10,10,85,60,15,10,7,0,7
E00016698,Total,328,137,96,0,0,41,18,6,5,2,5,45,4,1,0,14,26,116,81,28,7,12,0,12
E00016703,Total,267,112,89,5,0,18,18,8,5,3,2,37,3,1,0,12,21,95,62,24,9,5,1,4
E00016713,Total,407,195,135,6,0,54,36,11,14,3,8,72,3,0,10,30,29,97,57,24,16,7,0,7
E00165804,Total,223,107,82,5,0,20,10,2,0,4,4,33,1,0,4,12,16,66,49,12,5,7,0,7
